Domain_ID,Domain_Name,Num_Domain_ID,Synonyms,Logical_Type_ID,Num_Logical_Type_ID,T_Size,T_Precision,T_Scale,Native_Type,LT_Name
D3D75AB3-CF06-DE31-41E2-FCB5265698C5,"ADDR_CITY",1,,LOGDT024,752,40 CHAR,,,VARCHAR,VARCHAR,
29C78BE9-0C82-9E33-1C53-50642ACEB50C,"ADDR_COUNTRY_ISO_3166_2",2,,LOGDT024,752,2 CHAR,,,VARCHAR,VARCHAR,
0F684EAE-63C4-56F2-EE06-2F5CD2C5FFFE,"ADDR_COUNTRY_ISO_3166_3",3,,LOGDT024,752,3 CHAR,,,VARCHAR,VARCHAR,
4E9D0DC5-A386-12CC-368A-5C62FD6B9878,"ADDR_COUNTRY_ISO_3166_NUMERIC",4,,LOGDT011,717,3 CHAR,,,INTEGER,Integer,
B6E6DC5E-96E1-7032-8356-78B9B78B0566,"ADDR_COUNTRY_NAME",5,,LOGDT024,752,80 CHAR,,,VARCHAR,VARCHAR,
5AC35645-6165-4B4A-1C1A-04C57339755E,"ADDR_FORMAT",6,,LOGDT019,724,3 CHAR,3,0,NUMERIC,NUMERIC,
B3CD992D-8D29-42ED-E95E-821C646B7E57,"ADDR_LINE1",7,,LOGDT024,752,80 CHAR,,,VARCHAR,VARCHAR,
F70A18E3-4B6B-5759-8DE0-04EE910D446F,"ADDR_LINE2",8,,LOGDT024,752,80 CHAR,,,VARCHAR,VARCHAR,
843F72A5-5ECF-707F-EF31-96882E6510A5,"ADDR_LINE3",9,,LOGDT024,752,80 CHAR,,,VARCHAR,VARCHAR,
ADC6C7DB-B356-FCA5-F3CC-CCC5DF425FF9,"ADDR_POBOX",10,,LOGDT024,752,50 CHAR,,,VARCHAR,VARCHAR,
0BAC0A41-DFBE-77B1-928C-7B9AC6A0E14A,"ADDR_STATE_ISO_3166_2",11,,LOGDT024,752,5 CHAR,,,VARCHAR,VARCHAR,
59172B77-991C-BFCB-4D85-6AEC085A63F3,"ADDR_STATE_ISO_3166_3",12,,LOGDT024,752,3 CHAR,,,VARCHAR,VARCHAR,
AE664401-70D6-4AA2-6D28-A209FB70FD7E,"ADDR_STATE_NAME",13,,LOGDT024,752,80 CHAR,,,VARCHAR,VARCHAR,
80582C65-B3A5-FF9D-7E95-B2FBDA2F7137,"ADDR_STREET",14,,LOGDT024,752,80 CHAR,,,VARCHAR,VARCHAR,
A0BC67A3-4293-AD0D-DEDF-B16C6278127C,"ADDR_TYPE",15,,LOGDT024,752,20 CHAR,,,VARCHAR,VARCHAR,
220003DE-149F-DE71-2A43-FEB8BB91E0BD,"AIRPORT_ATA_CODE",16,,LOGDT024,752,20 CHAR,,,VARCHAR,VARCHAR,
E8D41730-B3B3-3903-1A3A-3BA45F85D128,"AIRPORT_IAC_CODE",17,,LOGDT024,752,20 CHAR,,,VARCHAR,VARCHAR,
BEC50409-051C-D195-0F54-C3DD4EA1122C,"AMOUNT_19_2",18,,LOGDT026,708,19 BYTE,19,2,DECIMAL,DECIMAL,
BC305B96-B83C-3C3E-DF6E-6A5CC57F964C,"AMOUNT_19_5",19,,LOGDT026,708,19 BYTE,19,5,DECIMAL,DECIMAL,
F58A3DAE-5C14-1CC4-E73E-252A7BBF16A4,"AMOUNT_19_7",20,,LOGDT026,708,19 BYTE,19,7,DECIMAL,DECIMAL,
B1CDA6AB-690D-A338-FA29-19AC7749635E,"AMOUNT_HH_MM",21,"12345,22 - hhhhh,mm",LOGDT017,691,9 BYTE,9,2,UNKNOWN,unknown,
E7FB69E3-D50C-0E45-2B11-65FD09291972,"AMOUNT_PER_CENT_5_2",22,,LOGDT026,708,7 CHAR,7,2,DECIMAL,DECIMAL,
5C57FBB7-DF76-D6D7-3063-6F1469AE77D7,"CLASS_BILL",23,,LOGDT017,691,2 CHAR,,,UNKNOWN,unknown,
EF781437-947D-88EA-7206-97E043924351,"CLASS_COMPETITOR",24,,LOGDT017,691,20,,,UNKNOWN,unknown,
F185A7E9-2207-FAB8-CE37-50C7066F32DF,"CLASS_CUSTOMER",25,,LOGDT017,691,20 CHAR,,,UNKNOWN,unknown,
01E90D7F-A2EE-15E3-F354-9B9C030C37D5,"CLASS_EMPLOYEE",26,,LOGDT024,752,20 CHAR,,,VARCHAR,VARCHAR,
9B766C82-4D29-D82C-CD6B-2D349F202543,"CLASS_GROUP",27,,LOGDT017,691,20 CHAR,,,UNKNOWN,unknown,
CF193DDC-310A-E271-879A-EAF732DDB06E,"CLASS_INCIDENT_SOURCE",28,,LOGDT017,691,20 CHAR,,,UNKNOWN,unknown,
FF48B51C-BC24-519A-0D36-B92C7562B9B3,"CLASS_PART",29,,LOGDT017,691,20 CHAR,,,UNKNOWN,unknown,
54F7D6E4-4A9E-654C-3782-FADD1D2FA701,"CLASS_PROSPECT",30,,LOGDT017,691,20 CHAR,,,UNKNOWN,unknown,
C8D0F28A-CE74-2833-178F-8FA3D0ACBF21,"CLASS_VENDOR",31,,LOGDT017,691,20 CHAR,,,UNKNOWN,unknown,
3CF9F802-DAFF-AE9C-EACD-4A98D0773A9D,"CODE_AIRLINE",32,,LOGDT024,752,20 CHAR,,,VARCHAR,VARCHAR,
03696F46-0A59-EEF9-DF86-6653FAC94762,"COMM_EMAIL",33,,LOGDT024,752,50 CHAR,,,VARCHAR,VARCHAR,
004DA68B-4104-33FF-4788-1F351AEE1892,"COMM_FAX",34,,LOGDT024,752,30 CHAR,,,VARCHAR,VARCHAR,
CE0C5CC0-D35D-4156-3152-1064D891E32A,"COMM_MOBILE",35,,LOGDT024,752,40 CHAR,,,VARCHAR,VARCHAR,
384F267C-CA1E-562E-60CA-DAF9D62D1E02,"COMM_PHONE",36,,LOGDT024,752,30 CHAR,,,VARCHAR,VARCHAR,
A18B26EC-E56D-ABC2-164D-C0429B4DA0DA,"COMM_PHONE_DIAL",37,,LOGDT024,752,10 CHAR,,,VARCHAR,VARCHAR,
E5BA4A37-24AC-E9A7-9621-48BEFD47D941,"COMM_TYPE",38,,LOGDT024,752,10 CHAR,,,VARCHAR,VARCHAR,
AD0B80C2-0E3E-9A34-D820-3969A0BE6291,"COMM_WEB",39,,LOGDT024,752,120 CHAR,,,VARCHAR,VARCHAR,
0792D703-33A2-72D9-6E09-52ADFFC699AA,"COUNT_13_0",40,,LOGDT026,708,13 BYTE,13,0,DECIMAL,DECIMAL,
CB073741-AD46-74A9-BF8E-A7C087469E1E,"COUNT_13_2",41,,LOGDT026,708,13 BYTE,13,2,DECIMAL,DECIMAL,
4E340FB6-98CA-9942-0919-ACA3BD62747B,"COUNT_PASSENGER_9_0",42,,LOGDT026,708,9 CHAR,9,0,DECIMAL,DECIMAL,
064CD70F-86D4-024C-C591-E1DA2E9520D2,"CURRENCY",43,,LOGDT024,752,40 CHAR,,,VARCHAR,VARCHAR,
5B9D5C51-1364-EE80-1779-F2DFB0E3A38E,"CURRENCY_ISO_4217",44,,LOGDT024,752,3 CHAR,,,VARCHAR,VARCHAR,
7AF89C81-14EC-2520-FBA0-6EB9D3A19DD2,"CURRENCY_ISO_4217_MINOR",45,,LOGDT019,724,2 CHAR,,,NUMERIC,NUMERIC,
74D68C5E-52C1-93F4-64F5-087F286D3BFF,"CURRENCY_ISO_4217_NUMERIC",46,,LOGDT011,717,3,,,INTEGER,Integer,
031D231F-1480-D07E-BDEC-1E23E262E6CA,"DESC",47,,LOGDT024,752,7000,,,VARCHAR,VARCHAR,
AA38C295-9C0C-CB4D-31E0-3D62E4CA5959,"DESC_120",48,,LOGDT024,752,120 CHAR,,,VARCHAR,VARCHAR,
D8DDEB21-3196-08F6-A53D-329A207863EA,"DESC_20",49,,LOGDT024,752,20 CHAR,,,VARCHAR,VARCHAR,
60C82019-A3E5-131A-A2F9-2DE9555E0E75,"DESC_480",50,,LOGDT024,752,480 CHAR,,,VARCHAR,VARCHAR,
1856FD98-5801-A101-E79C-BFBD8C096435,"DESC_80",51,,LOGDT024,752,80 CHAR,,,VARCHAR,VARCHAR,
8562100C-9BCC-CFF9-0D63-1C59E75CF667,"DG_APPROVALS",52,,LOGDT024,752,1 CHAR,,,VARCHAR,VARCHAR,
5B62B6A7-3BC8-1BE1-C357-9BC11EFC953B,"DG_DOMAIN",53,,LOGDT024,752,2 CHAR,,,VARCHAR,VARCHAR,
BDD7B5BF-BB75-8021-55DA-EC645AEB24E5,"DG_ROLE",54,,LOGDT024,752,20 CHAR,,,VARCHAR,VARCHAR,
7FF7419B-B9B2-3198-396B-F5130C9F1360,"DG_ROLE_SEQ",55,,LOGDT011,717,3 CHAR,,,INTEGER,Integer,
8C8F157D-B1BF-35CC-50F4-9034CACADEA7,"DIM_AREA",56,,LOGDT017,691,13 BYTE,13,2,UNKNOWN,unknown,
4F054B2E-06E9-F054-DEFF-76974BE5AB33,"DIM_HEIGHT",57,,LOGDT017,691,13 BYTE,13,2,UNKNOWN,unknown,
F76779A7-82E1-66EE-9EE9-ADFA1FCE8B58,"DIM_LENGTH",58,,LOGDT017,691,13 BYTE,13,2,UNKNOWN,unknown,
67F720BA-FEC9-9E1F-1248-74A8483016AF,"DIM_VOL",59,,LOGDT017,691,13 BYTE,13,2,UNKNOWN,unknown,
820B0920-8922-7610-728B-22DF1CA4D915,"DIM_WEIGHT",60,,LOGDT017,691,13 BYTE,13,2,UNKNOWN,unknown,
A9E9659C-8A1C-BDCF-01DE-4C6A7E9825A4,"DIM_WIDTH",61,,LOGDT017,691,13 BYTE,13,2,UNKNOWN,unknown,
54B5501A-053E-11F7-E4B6-265A7078D374,"DM_BINARY_4",62,,LOGDT017,691,4,0,0,UNKNOWN,unknown,
0EBF4195-FD15-4B11-2C31-D5D1CDB9BFD1,"DM_CODE_0_DUMMY",63,,LOGDT017,691,20 CHAR,,,UNKNOWN,unknown,
4C5E0729-0256-580D-A13C-01B798F9E7A3,"DM_CODE_ACCOUNT",64,,LOGDT017,691,20 CHAR,,,UNKNOWN,unknown,
4E0A1901-36D1-A09D-7989-E97C8E584BC4,"DM_CODE_ACCOUNT_1",65,,LOGDT017,691,20 CHAR,,,UNKNOWN,unknown,
51A1E3DF-C7C2-5593-3F08-9BEA6FA8E11B,"DM_CODE_ACCOUNT_2",66,,LOGDT017,691,20 CHAR,,,UNKNOWN,unknown,
D4DE125E-FE2F-3E89-4A43-C082A115E18F,"DM_CODE_ACCOUNT_3",67,,LOGDT017,691,20 CHAR,,,UNKNOWN,unknown,
C2884959-9171-F0F1-EC30-7B8A80B47DD8,"DM_CODE_ACCOUNT_4",68,,LOGDT017,691,20 CHAR,,,UNKNOWN,unknown,
910B282E-45C2-D2FA-F5B9-3C9CCAB1EE8B,"DM_CODE_ACCOUNT_5",69,,LOGDT017,691,20 CHAR,,,UNKNOWN,unknown,
67EF0AB0-603D-A01B-8E4D-24414FE7AE3A,"DM_CODE_ATA",70,,LOGDT017,691,20 CHAR,,,UNKNOWN,unknown,
CBA17299-5B63-9CEE-259E-EC46E9E26200,"DM_CODE_BASE",71,,LOGDT017,691,20 CHAR,,,UNKNOWN,unknown,
96E992F0-1636-70F3-AD4D-1ACC46242D21,"DM_CODE_CHANNEL",72,,LOGDT017,691,20 CHAR,,,UNKNOWN,unknown,
6C9FE5AC-5CD5-B8AE-DC39-AB7101FC1CD1,"DM_CODE_CHARGE",73,,LOGDT017,691,20 CHAR,,,UNKNOWN,unknown,
357133B4-DC33-29F9-F13E-99C69716BAE4,"DM_CODE_COUNTRY_ISO3166",74,,LOGDT024,752,2 CHAR,,,VARCHAR,VARCHAR,
1875826B-2460-FB23-EF88-55599A72256B,"DM_CODE_COUNTRY_ISO3166_A3",75,,LOGDT024,752,3 CHAR,,,VARCHAR,VARCHAR,
CB53557D-0EC2-7A19-1CB6-59AC3598E062,"DM_CODE_COUNTRY_ISO3166_ID",76,,LOGDT019,724,5 CHAR,,,NUMERIC,NUMERIC,
F80407FF-2F6B-D7CC-BFB7-8227243E0A53,"DM_CODE_COUNTRY_UNDP",77,,LOGDT024,752,50 CHAR,,,VARCHAR,VARCHAR,
77424626-AEC1-917A-4A92-C7E3F8C5B7F8,"DM_CODE_CREDIT_SCORE",78,,LOGDT017,691,5 CHAR,,,UNKNOWN,unknown,
B0065697-C172-792C-99A7-F23CB55ECF07,"DM_CODE_CURRENCY_ISO4217",79,"Currency Code ISO 4217",LOGDT024,752,10 CHAR,,,VARCHAR,VARCHAR,
3EB81B2A-A812-1068-8AA3-81ED1F5BD842,"DM_CODE_CURRENCY_ISO4217_ID",80,,LOGDT019,724,10 CHAR,,,NUMERIC,NUMERIC,
988E0E90-DA76-0A8E-F9ED-9021E0F3AFFF,"DM_CODE_CURRENCY_ISO4217_NAME",81,,LOGDT024,752,40 CHAR,,,VARCHAR,VARCHAR,
64CFAB3A-B780-A566-0B8F-8441CE734AE2,"DM_CODE_DEPOT",82,,LOGDT017,691,10 CHAR,,,UNKNOWN,unknown,
E9CAA89F-B64F-5B87-CDB3-BAB0061B2B79,"DM_CODE_FEEDER",83,,LOGDT017,691,20 CHAR,,,UNKNOWN,unknown,
0109FC7A-3579-51D5-413F-134DBD01885E,"DM_CODE_GROUP_BILL",84,,LOGDT017,691,1 CHAR,,,UNKNOWN,unknown,
CD193003-6627-D3EC-A895-2CB534C7625A,"DM_CODE_HON",85,,LOGDT017,691,20 CHAR,,,UNKNOWN,unknown,
E1AF0D82-50C7-1EA1-1B67-014DABA649BF,"DM_CODE_INSPECTION",86,,LOGDT017,691,20 CHAR,,,UNKNOWN,unknown,
53E709D6-C27F-BF9A-9FFE-6EC7CC756850,"DM_CODE_INTERVALL",87,,LOGDT017,691,20 CHAR,,,UNKNOWN,unknown,
4F919ECF-0DBA-C0E6-461D-BA0F9C6B7ABA,"DM_CODE_ITEM",88,,LOGDT017,691,20 CHAR,,,UNKNOWN,unknown,
DFEB8E1E-C76B-167A-3994-BA6029E500D2,"DM_CODE_MANUFACURER",89,,LOGDT017,691,20 CHAR,,,UNKNOWN,unknown,
F92A45EE-B332-63EE-3AB8-F6BFE8416FDD,"DM_CODE_MARKET",90,,LOGDT017,691,20 CHAR,,,UNKNOWN,unknown,
6A86F782-21AF-E099-648E-B9BD600084DD,"DM_CODE_NEXT_ASSEMBLY",91,,LOGDT017,691,20 CHAR,,,UNKNOWN,unknown,
467542FB-EC2B-C095-9C09-B8E4E622CEDD,"DM_CODE_PAYMENT_METHOD",92,,LOGDT017,691,20 CHAR,,,UNKNOWN,unknown,
71BE8E92-6AB1-E203-6F09-7266AA2D0CEC,"DM_CODE_PAYMENT_TERMS",93,,LOGDT017,691,20 CHAR,,,UNKNOWN,unknown,
81896C3D-26EC-A118-796D-2D6ED67CF014,"DM_CODE_PRIORITY",94,,LOGDT017,691,20 CHAR,,,UNKNOWN,unknown,
0811DEC8-2CD7-BB6F-0E1F-33933E1DFA1E,"DM_CODE_ROUTE",95,,LOGDT017,691,10 CHAR,,,UNKNOWN,unknown,
8185BE88-2109-CC0E-8E0E-A2EA404F5A13,"DM_CODE_SALUTATION",96,,LOGDT017,691,20 CHAR,,,UNKNOWN,unknown,
2A2E5CEC-B723-FA10-924F-A658DCB175BC,"DM_CODE_SERVICE",97,,LOGDT017,691,2 CHAR,,,UNKNOWN,unknown,
4B93DD62-22EA-B8E4-9419-AF1369F38717,"DM_CODE_SHIPMENT",98,,LOGDT017,691,20 CHAR,,,UNKNOWN,unknown,
D33EBAE1-F4F6-50BC-718B-254A3ACBCF3F,"DM_CODE_SIC",99,"NAV code",LOGDT017,691,10 CHAR,,,UNKNOWN,unknown,
616E02BB-D841-9436-0458-7C2DE614DD1C,"DM_CODE_STATE",100,,LOGDT024,752,20 CHAR,,,VARCHAR,VARCHAR,
7B99BC04-A3D7-EC9C-5830-2AEF657E7A16,"DM_CODE_STATE_RECOMMENDED",101,,LOGDT019,724,1 CHAR,,,NUMERIC,NUMERIC,
433B8330-B0D5-4D66-90AE-DB220D916DAF,"DM_CODE_STATE_SUBDIVISION_CAT",102,,LOGDT024,752,40 CHAR,,,VARCHAR,VARCHAR,
2738851F-91AB-8B8E-870A-F4512C81A8A2,"DM_CODE_TAX",103,"EU Tax Code",LOGDT017,691,20 CHAR,,,UNKNOWN,unknown,
E6B279CD-B483-FFCF-AAA1-F32448E2FDE5,"DM_CODE_TENANT",104,,LOGDT017,691,10 CHAR,,,UNKNOWN,unknown,
B1E763F7-ABAD-1824-98ED-E9E38A7D15B8,"DM_CODE_UOM",105,,LOGDT017,691,20 CHAR,,,UNKNOWN,unknown,
31E993BB-AA09-50D9-A266-A9C6465540A5,"DM_CREATED_BY",106,,LOGDT017,691,20 CHAR,,,UNKNOWN,unknown,
8DDCF846-1A46-E8CB-0E1C-BFA61E9C1B2B,"DM_ENTITY_TYPE",107,,LOGDT017,691,20 CHAR,,,UNKNOWN,unknown,
BE86AD07-078E-8B8A-06C9-F555D0A076AC,"DM_GEO_AP_LAT_MIN",108,,LOGDT017,691,,7,4,UNKNOWN,unknown,
078FBC6C-58B4-4283-1845-3B0978F39449,"DM_GEO_AP_LONG_DEG",109,,LOGDT017,691,,7,4,UNKNOWN,unknown,
A221475A-C595-A91D-907D-D716BC62C2AB,"DM_GEO_AP_LONG_LOC",110,,LOGDT017,691,1 CHAR,,,UNKNOWN,unknown,
1F2C38EA-2E89-849A-FAF3-05277B04CCE4,"DM_GEO_AP_LONG_MIN",111,,LOGDT017,691,,7,4,UNKNOWN,unknown,
102AA6BB-3C4F-A034-8F67-021B3D0C9379,"DM_GEO_AP_LONG_SEC",112,,LOGDT017,691,,9,6,UNKNOWN,unknown,
C609001E-13E4-9ACC-5E71-87AB32CF848C,"DM_NO_ACCOUNT",113,,LOGDT017,691,20 CHAR,,,UNKNOWN,unknown,
D78AF6E6-5411-CABF-70FA-6A56F2BCCF95,"DM_NO_AIRCRAFT",114,,LOGDT017,691,20 CHAR,,,UNKNOWN,unknown,
873B6AE4-465D-9FA0-494E-0BE1CB3119FA,"DM_NO_AIRCRAFT_MODEL",115,,LOGDT017,691,20 CHAR,,,UNKNOWN,unknown,
1A9DA22A-D45C-BB61-D421-3BCD4CCB93C5,"DM_NO_AIRCRAFT_PATTERN",116,,LOGDT017,691,10 CHAR,,,UNKNOWN,unknown,
D9FB1A3F-1D6F-A72A-AE59-836403AC3E84,"DM_NO_AIRCRAFT_PREFIX",117,,LOGDT017,691,10 CHAR,,,UNKNOWN,unknown,
E5202E02-AB86-005E-19A2-4B95392DEA45,"DM_NO_AIRCRAFT_TYPE",118,,LOGDT017,691,20 CHAR,,,UNKNOWN,unknown,
88470B37-CB64-7E5C-3C1A-BAC8EBCAACB7,"DM_NO_BILL",119,,LOGDT017,691,20 CHAR,,,UNKNOWN,unknown,
1922E238-42A2-AAEA-B54C-ECE79A609367,"DM_NO_CHAR30",120,,LOGDT024,752,30 CHAR,,,VARCHAR,VARCHAR,
6BB6D2ED-1759-8144-F5B7-39DC229608A4,"DM_NO_CHAR50",121,,LOGDT024,752,50 CHAR,,,VARCHAR,VARCHAR,
32C18E01-CEE7-CECC-A348-7C6D4F113118,"DM_NO_CHAR80",122,,LOGDT024,752,80 CHAR,,,VARCHAR,VARCHAR,
AE643A84-599F-A3DB-30FE-5EEAE592F5CB,"DM_NO_COMPETITOR",123,,LOGDT017,691,20 CHAR,,,UNKNOWN,unknown,
A51646FD-D3C8-128A-0D76-F9D3C232F189,"DM_NO_CONTRACT",124,,LOGDT017,691,30 CHAR,,,UNKNOWN,unknown,
A7BC9A19-6258-A584-9440-0FA37E9B25F1,"DM_NO_CREW",125,,LOGDT017,691,20 CHAR,,,UNKNOWN,unknown,
5882718C-A66A-9393-ED62-8273327225DF,"DM_NO_CUSTOMER",126,,LOGDT017,691,20 CHAR,,,UNKNOWN,unknown,
F67483DB-12C7-6FE2-D637-B556CAFCA1B6,"DM_NO_ENTITY",127,,LOGDT017,691,20 CHAR,,,UNKNOWN,unknown,
FF8B064C-38BC-4415-C32E-7D7B8A5C6A24,"DM_NO_FLIGHT",128,,LOGDT017,691,20 CHAR,,,UNKNOWN,unknown,
FD1DB045-B078-446A-36C2-F84C78F5FCAC,"DM_NO_ITEM",129,,LOGDT017,691,30 CHAR,,,UNKNOWN,unknown,
60DE95BE-4188-4A8C-3630-5DB7412638FA,"DM_NO_LINE",130,,LOGDT017,691,20 CHAR,,,UNKNOWN,unknown,
4237D5F6-FEAE-07C2-513C-C5B0D1635A91,"DM_NO_LOG",131,,LOGDT017,691,20 CHAR,,,UNKNOWN,unknown,
993A99FE-88C5-7A21-1C7C-3E30F068ED9A,"DM_NO_ORDER",132,,LOGDT017,691,20 CHAR,,,UNKNOWN,unknown,
591CA079-A039-9907-B41F-01704E93DAB9,"DM_NO_PART",133,,LOGDT017,691,30 CHAR,,,UNKNOWN,unknown,
DF4178A0-74EF-1F2A-89D8-D7C49C9D7A23,"DM_NO_PKI",134,,LOGDT017,691,10 CHAR,,,UNKNOWN,unknown,
F9CDE5F2-3D25-63AF-DC4B-171BA3B07BCC,"DM_NO_PMO_ACTIVITY",135,,LOGDT017,691,20 CHAR,,,UNKNOWN,unknown,
B45B1315-EBEA-AC60-B789-123F8A4487BE,"DM_NO_PMO_BUDGET",136,,LOGDT017,691,20 CHAR,,,UNKNOWN,unknown,
D08E66A2-4F9F-87F9-B252-6E50B90156F4,"DM_NO_PMO_INCIDENT",137,,LOGDT017,691,20 CHAR,,,UNKNOWN,unknown,
F865B9BB-B396-1B97-BEF2-B54F74B49A1A,"DM_NO_PMO_PROGRAM",138,,LOGDT017,691,20 CHAR,,,UNKNOWN,unknown,
92F95355-885E-8C0C-EF0B-0913888C1A40,"DM_NO_PMO_PROJECT",139,,LOGDT017,691,20 CHAR,,,UNKNOWN,unknown,
38504063-7A19-75D7-09A6-0C30A21FB150,"DM_NO_PMO_REQUEST",140,,LOGDT017,691,20 CHAR,,,UNKNOWN,unknown,
65FFB7F7-4851-AC61-963C-B460624FEC15,"DM_NO_PMO_TASK",141,,LOGDT017,691,20 CHAR,,,UNKNOWN,unknown,
C9DB3617-886F-2191-BD81-35DB9EE89F4A,"DM_NO_PMO_TEAM",142,,LOGDT017,691,20 CHAR,,,UNKNOWN,unknown,
8D048DCE-CBB2-B96A-893F-E5B99C95FB24,"DM_NO_PO",143,"Purchase Order",LOGDT017,691,20 CHAR,,,UNKNOWN,unknown,
4809523B-CA49-8C4F-D064-684565FBBB32,"DM_NO_PO_PRODUCT",144,,LOGDT017,691,20 CHAR,,,UNKNOWN,unknown,
F1F202AB-1208-09C1-1233-7AEC5A1CA7BA,"DM_NO_PREMISE",145,,LOGDT017,691,20 CHAR,,,UNKNOWN,unknown,
83FDCBDA-BD5C-A8D2-7981-B8262690DE81,"DM_NO_PRICELIST",146,,LOGDT017,691,20 CHAR,,,UNKNOWN,unknown,
D318530F-8426-96AF-EBCB-23EA5432C031,"DM_NO_PRODUCT",147,,LOGDT017,691,20 CHAR,,,UNKNOWN,unknown,
EAC41639-118F-6F3D-C00B-84D03577D0C5,"DM_NO_PROJECT",148,,LOGDT017,691,30 CHAR,,,UNKNOWN,unknown,
3E0CDAF9-709F-3130-F86A-AB8833B6DB81,"DM_NO_PROSPECT",149,,LOGDT017,691,20 CHAR,,,UNKNOWN,unknown,
CA637903-5186-9E79-1916-4BA3204036BA,"DM_NO_QUESTION",150,,LOGDT017,691,20 CHAR,,,UNKNOWN,unknown,
63EE0E86-C5B3-93FC-3AB4-309B8B14AC1A,"DM_NO_QUOTE",151,,LOGDT017,691,20 CHAR,,,UNKNOWN,unknown,
C73DDBA8-D231-E135-C25F-852367C90E57,"DM_NO_QUOTE_REV",152,,LOGDT017,691,5 CHAR,5,0,UNKNOWN,unknown,
5D964BFD-7E4C-E1FA-4E28-EE9B83B7C69A,"DM_NO_RESPONDENT",153,,LOGDT017,691,20 CHAR,,,UNKNOWN,unknown,
79E32B55-FC79-C42D-BB70-25463DDC23BB,"DM_NO_SALESREP",154,,LOGDT017,691,20 CHAR,,,UNKNOWN,unknown,
6AC5F24D-4F61-F755-B49F-E712111A4087,"DM_NO_SEQ",155,,LOGDT017,691,20 CHAR,,,UNKNOWN,unknown,
32434830-EB6C-FFB5-EFC2-4D2E99CA1BBA,"DM_NO_SLA",156,,LOGDT017,691,20 CHAR,,,UNKNOWN,unknown,
39A04FF9-67E6-0CD8-85C1-B72CDC7941F1,"DM_NO_STATION_FAA",157,,LOGDT017,691,4 CHAR,,,UNKNOWN,unknown,
2E2AAAAC-580B-6B32-C372-E0A61B7EB8AB,"DM_NO_STATION_IATA",158,,LOGDT017,691,3 CHAR,,,UNKNOWN,unknown,
CD25E0A0-3DC6-568E-7E23-0B9961A69CAC,"DM_NO_STATION_ICAO",159,,LOGDT017,691,4 CHAR,,,UNKNOWN,unknown,
3C761ADC-1A39-EAA9-9E0C-3D8AC0D40BE9,"DM_NO_SURVEY",160,,LOGDT017,691,20 CHAR,,,UNKNOWN,unknown,
721D1FE4-7E50-2835-2A2D-1BA9676E06A9,"DM_NO_TASK",161,,LOGDT017,691,30 CHAR,,,UNKNOWN,unknown,
D69D1BBE-8547-A6FB-1159-E81529844F06,"DM_NO_TIMECARD",162,,LOGDT017,691,30 CHAR,,,UNKNOWN,unknown,
4DC3F5B9-BA1F-63EA-5905-1B9606B31F9C,"DM_NO_VENDOR",163,,LOGDT017,691,20 CHAR,,,UNKNOWN,unknown,
8B302699-FEC8-F4B6-F893-1F71FDE43D0C,"DM_NO_WORKORDER",164,,LOGDT017,691,30 CHAR,,,UNKNOWN,unknown,
5EF0879B-E802-2ECB-35D2-25D24AFBA4BD,"DM_RATE_0_1",165,,LOGDT017,691,19 BYTE,11,7,UNKNOWN,unknown,
9D79533A-A281-883A-D3A7-A49C05280033,"DM_REFCODE_ACTIVITY",166,,LOGDT017,691,20 CHAR,,,UNKNOWN,unknown,
C4864BD3-D5A3-A30C-45F0-DB6458198656,"DM_REFCODE_CODES",167,,LOGDT017,691,20 CHAR,,,UNKNOWN,unknown,
6E9C5CDE-8A02-6CA9-767E-4783E80FA622,"DM_REFCODE_ORDERS",168,,LOGDT017,691,20 CHAR,,,UNKNOWN,unknown,
24E5F9A8-8AA7-20EF-EA30-45393140E74A,"DM_REFCODE_PROJECTS",169,,LOGDT017,691,20 CHAR,,,UNKNOWN,unknown,
2FC1A59C-6DEC-DD99-E362-08E8CC4FFFE7,"DM_REFCODE_REVENUE",170,,LOGDT017,691,20 CHAR,,,UNKNOWN,unknown,
AA86F2BB-89EB-7E53-C967-0772FFC4293B,"DM_SALES_CYCLE",171,,LOGDT017,691,20 CHAR,,,UNKNOWN,unknown,
38F44208-3616-1EE8-274D-21CFAD9E8414,"DM_SALES_PROBABILITY",172,,LOGDT017,691,3 CHAR,,,UNKNOWN,unknown,
A46F2CC0-A157-990B-21EF-9573EE6418C5,"DM_STATUS_ACCOUNT",173,,LOGDT017,691,2 CHAR,,,UNKNOWN,unknown,
EBBD01C6-6667-F4BF-126E-B5F0421DE39A,"DM_STATUS_ORDER",174,,LOGDT017,691,20 CHAR,,,UNKNOWN,unknown,
E457E9B0-6C1A-8719-18FE-46852D873D18,"DM_STATUS_ORDER_LINE",175,,LOGDT017,691,20 CHAR,,,UNKNOWN,unknown,
6543A6C3-B93F-F9ED-0BB7-5C485CB9B60B,"DM_STATUS_PO",176,,LOGDT017,691,20 CHAR,,,UNKNOWN,unknown,
BE5EA029-4A5B-6940-1D02-00CA6AB75E62,"DM_STATUS_PREMISE",177,,LOGDT017,691,10 CHAR,,,UNKNOWN,unknown,
8846E439-4A2B-2D5D-3389-2F4DC802C4F6,"DM_STATUS_PROJECT",178,,LOGDT017,691,20 CHAR,,,UNKNOWN,unknown,
388ED05D-13AD-5220-E7AD-0A1EA8B05252,"DM_STATUS_QUOTE",179,,LOGDT017,691,20 CHAR,,,UNKNOWN,unknown,
ED2ED744-131A-AF4D-7C48-7BD60FFA24FF,"DM_STATUS_REQUEST",180,,LOGDT017,691,20 CHAR,,,UNKNOWN,unknown,
56E0D0C4-91E5-C6CE-3B5F-EC37C669765C,"DM_STATUS_TASK",181,,LOGDT017,691,20 CHAR,,,UNKNOWN,unknown,
EAA5BF3F-EC5B-D3EA-5AF1-8C90955497FD,"DM_STATUS_VENDOR",182,,LOGDT017,691,20 CHAR,,,UNKNOWN,unknown,
71BE8F86-4176-AE28-EE46-B8D94F7F92DF,"DM_TYPE_ACCOUNT",183,,LOGDT017,691,20 CHAR,,,UNKNOWN,unknown,
DBA3E90B-A3E7-0F51-A30A-EFC3CC5583AB,"DM_TYPE_CONTACT",184,,LOGDT017,691,20 CHAR,,,UNKNOWN,unknown,
5D2A7DA5-3659-078B-3B6C-3334B855B3D1,"DM_TYPE_CONTRACT",185,,LOGDT017,691,5 BYTE,5,0,UNKNOWN,unknown,
219E5EAB-33BD-7905-5225-DAEED71F5766,"DM_TYPE_CONTRACT_LINE",186,"Art",LOGDT017,691,20 CHAR,,,UNKNOWN,unknown,
78684F70-F397-E6E2-D56E-EE624328DDBC,"DM_TYPE_DOCUMENT",187,"procurement document header",LOGDT017,691,5 CHAR,5,0,UNKNOWN,unknown,
389E6FAD-8B55-77C1-3FBD-C3054625334E,"DM_TYPE_EMPLOYEE",188,,LOGDT017,691,20 CHAR,,,UNKNOWN,unknown,
971CBD2C-25D1-A8E7-4152-BD5D832A8763,"DM_TYPE_FILE",189,,LOGDT017,691,4 CHAR,,,UNKNOWN,unknown,
BA5138CC-CB5B-1171-C594-10998D3C4BC1,"DM_TYPE_FLIGHT",190,,LOGDT017,691,20 CHAR,,,UNKNOWN,unknown,
6E004FD2-6A82-0917-BF24-0F3562AD6278,"DM_TYPE_FLIGHT_OPS",191,,LOGDT017,691,20 CHAR,,,UNKNOWN,unknown,
7673BA8F-2347-7428-D850-608675B365FD,"DM_TYPE_ITEM",192,"Belegart",LOGDT017,691,20 CHAR,,,UNKNOWN,unknown,
E367DE7C-6B9C-7262-71EA-0CB8592E78BE,"DM_TYPE_KPI",193,,LOGDT017,691,20 CHAR,,,UNKNOWN,unknown,
FBB85EE6-997E-B285-41B0-AF71A97DD04B,"DM_TYPE_LOG",194,,LOGDT017,691,20 CHAR,,,UNKNOWN,unknown,
467C105A-6178-6482-3C30-659C3CB9BE28,"DM_TYPE_ORDER",195,"Belegart",LOGDT017,691,20 CHAR,,,UNKNOWN,unknown,
1867E170-D587-F679-6C27-A62CF6B0D3FB,"DM_TYPE_ORDER_LINE",196,"Belegart",LOGDT017,691,20 CHAR,,,UNKNOWN,unknown,
C1F2B38E-F4B0-6739-C246-3D5928CDA18A,"DM_TYPE_PO",197,,LOGDT017,691,20 CHAR,,,UNKNOWN,unknown,
E95C3C18-B633-8871-2F85-545210775931,"DM_TYPE_PRICE_TYPE",198,"Typenmietpreis",LOGDT017,691,20 CHAR,,,UNKNOWN,unknown,
1E5F2142-1EB8-FE19-C973-E9138F8B729A,"DM_TYPE_PRICE_UOM",199,,LOGDT017,691,20 CHAR,,,UNKNOWN,unknown,
DC7A9FBB-F9D1-9A89-5F04-74BFFD21D2FE,"DM_TYPE_PROJECT",200,,LOGDT017,691,20 CHAR,,,UNKNOWN,unknown,
F0133E47-7677-C1CD-232A-54D38C96C53C,"DM_TYPE_QUESTION",201,,LOGDT017,691,20 CHAR,,,UNKNOWN,unknown,
1E2EFEC1-255D-F79F-9CCC-010F0438CBF0,"DM_TYPE_QUOTE",202,,LOGDT017,691,20 CHAR,,,UNKNOWN,unknown,
C278B7C6-7A0B-6101-A055-25D648F0ABB9,"DM_TYPE_SCRIPT",203,,LOGDT017,691,120 CHAR,,,UNKNOWN,unknown,
9784815D-8C2B-B826-E94E-EFE09FB16B81,"DM_TYPE_SERVICE_ORDER",204,,LOGDT017,691,20 CHAR,,,UNKNOWN,unknown,
3233086B-3919-C409-184D-5AB33E4F144D,"DM_TYPE_SOURCE",205,,LOGDT017,691,10 CHAR,,,UNKNOWN,unknown,
273B5312-2F21-3905-1759-8A8A8F347004,"DM_TYPE_STATION",206,,LOGDT017,691,10 CHAR,,,UNKNOWN,unknown,
6FC9EBFB-E996-1745-9E01-E6CC25D61BA3,"DM_TYPE_USAGE_REFERENCE",207,,LOGDT017,691,20 CHAR,,,UNKNOWN,unknown,
D4D2F139-0B36-C73F-0075-C6DECFEB3C68,"DM_TYPE_WORKORDER",208,,LOGDT017,691,20 CHAR,,,UNKNOWN,unknown,
F8C3C94F-530B-429C-0B30-78D52EF8C8A2,"DWH_ACQUISITION_CODE",209,,LOGDT017,691,20 CHAR,,,UNKNOWN,unknown,
CEB07887-B3AA-3E29-72CC-FD138916F884,"DWH_ACQUISITION_FLAG",210,,LOGDT017,691,5 CHAR,,,UNKNOWN,unknown,
E5538982-50C7-2418-8A98-D0D3353440EF,"DWH_ACTIVE",211,,LOGDT017,691,10 CHAR,,,UNKNOWN,unknown,
F4458CC1-D38C-32CD-A581-EB8ED140AD22,"DWH_CLASS_CUST",212,,LOGDT017,691,10 CHAR,,,UNKNOWN,unknown,
50F9598E-B6ED-475E-0470-069CAAC8A37E,"DWH_CLASS_CUST_ACT",213,,LOGDT017,691,20 CHAR,,,UNKNOWN,unknown,
4367AAF5-4BE5-402F-4CF6-E61DD6FB6F24,"DWH_CODE_LOST",214,,LOGDT017,691,20 CHAR,,,UNKNOWN,unknown,
DD694FC8-4BD9-0D15-84CA-72413562EA27,"DWH_CODE_NEWUSED",215,,LOGDT017,691,20 CHAR,,,UNKNOWN,unknown,
8D943878-5FDA-C6A1-031D-C48A14689C75,"DWH_CODE_OTD",216,,LOGDT017,691,20 CHAR,,,UNKNOWN,unknown,
49DD70F1-6BD9-DFE0-AAD2-2D4855EA4B05,"DWH_CODE_SIC",217,,LOGDT017,691,20 CHAR,,,UNKNOWN,unknown,
26F008BC-E2E2-EFD2-D4DF-0C9907F782AC,"DWH_COST_CENTER",218,,LOGDT017,691,50 CHAR,,,UNKNOWN,unknown,
40D13816-6363-59A5-FC52-D11767043316,"DWH_CREDIT_MESSAGE",219,,LOGDT017,691,50 CHAR,,,UNKNOWN,unknown,
8AA5130B-4DF6-C8D1-AAED-40EF2636910D,"DWH_CYCLE_LEAD",220,,LOGDT017,691,10 CHAR,,,UNKNOWN,unknown,
27749EB6-112F-3B11-1B1F-4351BA825A3F,"DWH_LQ_PROBABILITY",221,,LOGDT017,691,3 CHAR,,,UNKNOWN,unknown,
C0937508-AB05-8F89-E223-611E6A52B6F5,"DWH_ORDER_LINE_TYPE",222,,LOGDT017,691,20 CHAR,,,UNKNOWN,unknown,
B516F9D4-37FF-33D1-047E-661D86765683,"DWH_PAYMENT_TERMS",223,,LOGDT017,691,20 CHAR,,,UNKNOWN,unknown,
B4EBCC4C-265E-1E59-D5B4-92B6A6363B34,"DWH_PRODUCT_GROUP_AS",224,,LOGDT017,691,20 CHAR,,,UNKNOWN,unknown,
1C02D89C-0D3D-668B-2EBE-4CB78E5DBCF8,"DWH_PRODUCT_MODEL_CODE",225,,LOGDT017,691,20 CHAR,,,UNKNOWN,unknown,
EF0AC9BA-B402-694F-6ED3-054442B32C14,"DWH_PRODUCT_MODEL_LINE_CODE",226,,LOGDT017,691,20 CHAR,,,UNKNOWN,unknown,
ADBF5D8D-87C2-B055-C738-29305B64017C,"DWH_PRODUCT_MODEL_TYPE_CODE",227,,LOGDT017,691,20 CHAR,,,UNKNOWN,unknown,
3844FCBF-5475-2502-C068-09B9941EE01B,"DWH_RESPONSIBLE_PARTY",228,,LOGDT017,691,20 CHAR,,,UNKNOWN,unknown,
68FDA029-8498-11BB-B392-669039AC1BC6,"DWH_SALES_REP_FLAG",229,,LOGDT017,691,20 CHAR,,,UNKNOWN,unknown,
F43EDEDF-68C8-49C4-11D4-CF43C51F9B85,"DWH_STATUS_EMP",230,,LOGDT017,691,20 CHAR,,,UNKNOWN,unknown,
49435FD0-849B-10D7-27E3-6DAEB21D4D7E,"DWH_STATUS_QUOTE",231,,LOGDT017,691,20 CHAR,,,UNKNOWN,unknown,
5AB729F0-B339-BF49-7158-1707B0422502,"DWH_STATUS_SOM",232,,LOGDT017,691,20 CHAR,,,UNKNOWN,unknown,
D01BCFE7-AFDC-26B5-8B43-4D0CBFAB9EE7,"DWH_STATUS_VENDOR",233,,LOGDT017,691,20 CHAR,,,UNKNOWN,unknown,
9BDA216B-59F9-7713-7A17-4265A04A3241,"DWH_TYPE_CONTRACT",234,,LOGDT017,691,20 CHAR,,,UNKNOWN,unknown,
C9EE8BCD-C59B-34FB-6C9B-EC88D6708A8A,"DWH_TYPE_CUST",235,,LOGDT017,691,,,,UNKNOWN,unknown,
F03F3291-0188-017B-C33B-A46917BC36AB,"DWH_TYPE_DOCUMENT",236,,LOGDT017,691,20 CHAR,,,UNKNOWN,unknown,
CA81DE9B-2B88-9DCD-3010-2428F864670C,"DWH_TYPE_FLEET",237,,LOGDT017,691,20 CHAR,,,UNKNOWN,unknown,
82DABB51-8AA6-6BD4-B5AB-63C4F0356576,"DWH_TYPE_ORDER",238,,LOGDT017,691,20 CHAR,,,UNKNOWN,unknown,
44716E12-0141-990A-B3C1-B288ED3F368F,"DWH_TYPE_QUOTE",239,,LOGDT017,691,20 CHAR,,,UNKNOWN,unknown,
9595281B-A0B1-5CE9-0240-E57039B85A59,"DWH_TYPE_SUPPLIER",240,,LOGDT017,691,20 CHAR,,,UNKNOWN,unknown,
E0AAC683-672D-3665-F6BB-9624CC7B8600,"DWH_USAGE_CODE",241,,LOGDT017,691,20 CHAR,,,UNKNOWN,unknown,
3B4F7376-38AF-212D-BD50-8B6C0A6968DC,"DYN_CODE_SIC",242,"other NAV / NACE implementations",LOGDT017,691,10 CHAR,,,UNKNOWN,unknown,
27EE31D4-138E-4CB7-5B56-2855105B4CFF,"EVENT_ID",243,,LOGDT024,752,20 CHAR,,,VARCHAR,VARCHAR,
73B1A547-ACF4-A59D-CA62-90CF45F88103,"EVENT_REASON_DESC",244,,LOGDT024,752,120 CHAR,,,VARCHAR,VARCHAR,
3DF73138-839A-49D7-EFF4-48EC20EEF98E,"EVENT_REASON_ID",245,,LOGDT024,752,20 CHAR,,,VARCHAR,VARCHAR,
E8345495-7300-9541-57F4-7A35923BA61F,"EVENT_REASON_STATUS",246,,LOGDT024,752,1 CHAR,,,VARCHAR,VARCHAR,
AB015017-D861-D086-2D8B-D14F941A8C84,"FCST_CATEGORY",247,,LOGDT024,752,10,,,VARCHAR,VARCHAR,
BD530CE5-09C0-86B6-6D24-BE609EC81759,"FCST_CATEGORY_CUSTOM",248,,LOGDT024,752,10,,,VARCHAR,VARCHAR,
EEE23FFF-5A0D-07F3-8371-025DD1611A2A,"FCST_CATEGORY_CUSTOMv1",249,,LOGDT024,752,10,,,VARCHAR,VARCHAR,
35EB9F3D-13EF-5816-3B0F-D5F62EB6E367,"FCST_CATEGORYNAME",250,,LOGDT024,752,10,,,VARCHAR,VARCHAR,
B1B58C1E-8D00-5294-5D9C-41CD52DDCF01,"FCST_CATEGORYv1",251,,LOGDT024,752,10,,,VARCHAR,VARCHAR,
C2D715AB-AE07-80D3-A124-17A7DCB498AA,"FCST_EXCLUDE_FROM_PS_FCST",252,,LOGDT024,752,3,,,VARCHAR,VARCHAR,
3ACE27DC-D4C4-B8B0-8E29-75FDF8277B3D,"FCST_FROM_OPP",253,,LOGDT024,752,3,,,VARCHAR,VARCHAR,
418C84C5-DE6E-2E2B-CEF2-E8526BAC25ED,"FCST_ID",254,,LOGDT024,752,18,,,VARCHAR,VARCHAR,
22965DA2-1B89-95A6-180F-2FE3822D8161,"GEO_AP_LAT",255,,LOGDT026,708,,11,7,DECIMAL,DECIMAL,
49817B3B-3F99-5FF6-7A18-15C7AC1615EE,"GEO_AP_LAT_DEG",256,,LOGDT017,691,,7,4,UNKNOWN,unknown,
6DCE9BA8-C8BF-9905-E271-607E134F7D71,"GEO_AP_LAT_LOC",257,,LOGDT017,691,1 CHAR,,,UNKNOWN,unknown,
4AA1324A-6612-12DA-A175-05A939F5DCAC,"GEO_AP_LAT_SEC",258,,LOGDT017,691,,9,6,UNKNOWN,unknown,
01EE0B4A-9514-119A-ABC0-D208ACF4DDEA,"GEO_AP_LONG",259,,LOGDT026,708,,11,7,DECIMAL,DECIMAL,
09A87078-0774-FAE8-347A-70A6712C4FBC,"GEO_REGION",260,,LOGDT024,752,40 CHAR,,,VARCHAR,VARCHAR,
D70E5627-1052-BEEF-DD3A-CA2A8108FDF7,"GEO_TERRITORY",261,,LOGDT024,752,40 CHAR,,,VARCHAR,VARCHAR,
A54E702A-43C1-2600-1F40-234B13E93AAC,"GEO_ZONE",262,,LOGDT024,752,40 CHAR,,,VARCHAR,VARCHAR,
9391049B-316C-FF1B-DA6B-503F940B712E,"HAL_ACL_D1",263,,LOGDT017,691,20 CHAR,,,UNKNOWN,unknown,
7615442B-64B6-A536-3FE3-BBCDB2C2D88B,"HAL_ACL_F1",264,,LOGDT017,691,20 CHAR,,,UNKNOWN,unknown,
7DAD270D-CD6C-08F7-63E1-E98FDC8B0C87,"HAL_ACL_G1",265,,LOGDT017,691,20 CHAR,,,UNKNOWN,unknown,
F284317F-5311-7746-D5F4-E0197702D437,"HAL_ACL_M1",266,,LOGDT017,691,20 CHAR,,,UNKNOWN,unknown,
0CD09B3C-4DF7-E64A-35A3-0A12117496FA,"HAL_ACL_NAME",267,,LOGDT017,691,80 CHAR,,,UNKNOWN,unknown,
316A3297-7FB7-BDD7-78DC-68249A4CA56F,"ID",268,,LOGDT024,752,40 CHAR,,,VARCHAR,VARCHAR,
63F8E346-AF0D-F4B8-321C-62254A36B28C,"JOB_CODE",269,,LOGDT024,752,20 CHAR,,,VARCHAR,VARCHAR,
794F026D-B016-83F6-6679-64937102DE25,"JOB_CODE_TITLE",270,,LOGDT024,752,120 CHAR,,,VARCHAR,VARCHAR,
6F1FECAE-FE8E-845B-F6C7-77920D90AF6D,"JOB_FTE",271,,LOGDT024,752,1 CHAR,,,VARCHAR,VARCHAR,
BBDD5D99-5959-427F-1888-BAECB1BE2DC2,"JOB_FUNCTION",272,,LOGDT024,752,20 CHAR,,,VARCHAR,VARCHAR,
FCCE335E-CCC3-FC83-A6F6-A2DD121EED3F,"JOB_GRADE",273,,LOGDT024,752,20 CHAR,,,VARCHAR,VARCHAR,
9A3FE115-B32C-931A-30E2-C4907011BF8B,"JOB_LEVEL",274,,LOGDT024,752,20 CHAR,,,VARCHAR,VARCHAR,
024D323C-DDF5-DF68-7FA3-2A82D6A0B0B0,"JOB_LEVEL_CODE",275,,LOGDT024,752,20 CHAR,,,VARCHAR,VARCHAR,
B09A2079-C470-92ED-CCDD-F03198142E1E,"JOB_LEVEL_DESC",276,,LOGDT024,752,120 CHAR,,,VARCHAR,VARCHAR,
E7E1E16C-4BF3-6007-BE02-99B8120E1983,"JOB_NAME",277,,LOGDT024,752,120 CHAR,,,VARCHAR,VARCHAR,
6C3EF811-4B46-0831-0D93-B7A4F53855D5,"JOB_REG_TEMP",278,,LOGDT024,752,1 CHAR,,,VARCHAR,VARCHAR,
63B7D19C-84A0-C77D-2E21-8AD87B118926,"JOB_STARNDARD_HOURS",279,,LOGDT024,752,2 CHAR,,,VARCHAR,VARCHAR,
7ADC374B-B930-34A1-A0F0-6A5D896305A5,"JOB_TARGET_FTE",280,,LOGDT024,752,1 CHAR,,,VARCHAR,VARCHAR,
B825D120-B21C-655F-9FFC-DB265823F38D,"JOB_VACANT",281,,LOGDT024,752,1 CHAR,,,VARCHAR,VARCHAR,
9AA4876B-1B9C-C41C-84C1-F83F5AA050E4,"KEY_ACTIVE",282,,LOGDT024,752,1 CHAR,,,VARCHAR,VARCHAR,
3FD347AF-CC48-F311-2BC8-3794B7EDAE9E,"KEY_APP",283,,LOGDT024,752,20 CHAR,,,VARCHAR,VARCHAR,
75FDFEA0-3D1E-7DC2-006D-BCF0FCC217E1,"KEY_CREATED_BY",284,,LOGDT024,752,20 CHAR,,,VARCHAR,VARCHAR,
31BF0ADA-8673-1727-59AF-056DBC4682C5,"KEY_CREDENTIALS",285,,LOGDT024,752,240 CHAR,,,VARCHAR,VARCHAR,
084F10CA-40A4-C3EF-8B4E-23C1F317CB64,"KEY_DATE_DAY",286,,LOGDT024,752,2 CHAR,,,VARCHAR,VARCHAR,
7663B91D-AB2B-C2F6-F17D-E0438EAC853A,"KEY_DATE_DOW",287,,LOGDT011,717,1 CHAR,,,INTEGER,Integer,
16C6CB02-6797-EEE9-1BF8-DCFD23148135,"KEY_DATE_HH_MM",288,,LOGDT026,708,9 CHAR,5,2,DECIMAL,DECIMAL,
B3EB28CE-A0F7-7C34-44D1-C8BFB2F163FC,"KEY_DATE_HH_MM_SSS",289,,LOGDT014,746,9 CHAR,4,,TIME,Time,
7E814E45-EC0D-9DF7-2A79-C1B96E60E105,"KEY_DATE_MONTH",290,,LOGDT011,717,2 CHAR,,,INTEGER,Integer,
C474F6F8-95C1-AF7B-B727-63C8A4CE35FE,"KEY_DATE_NUM",291,,LOGDT011,717,3 CHAR,,,INTEGER,Integer,
4BB2B4EE-3949-E3E4-19B5-374C3638B057,"KEY_DATE_QUARTER",292,,LOGDT024,752,2 CHAR,,,VARCHAR,VARCHAR,
A1EAD003-D013-3825-03D1-3121031584D7,"KEY_DATE_TIMESTAMP",293,,LOGDT047,743,,,,DATETIME,TIMESTAMP WITH LOCAL TIME ZONE,
0961C829-4309-EB48-0D65-903F29031688,"KEY_DATE_VALID",294,,LOGDT007,704,08 CHAR,,,DATE,Date,
35EB9FC0-8B21-1582-F0EF-FC59FB88F163,"KEY_DATE_WEEK",295,,LOGDT011,717,2 CHAR,,,INTEGER,Integer,
386BDFE2-1578-5199-DE0C-C5AE53227FB2,"KEY_DATE_YYYY",296,,LOGDT011,717,4 CHAR,,,INTEGER,Integer,
1505F5D1-36C7-9B66-A29A-71D8C95B54BC,"KEY_DATE_YYYYMMDD",297,,LOGDT007,704,08 CHAR,,,DATE,Date,
A4D5ACE1-F392-456B-31BC-B007E3753556,"KEY_DATE_YYYYMMDDHHMM",298,,LOGDT015,747,18 CHAR,,,DATETIME,Timestamp,
FAD17F23-C927-18EF-A336-86DF02006B86,"KEY_DB",299,,LOGDT024,752,20 CHAR,,,VARCHAR,VARCHAR,
7981EBCE-5A15-A146-4DE4-2E341F55C0DE,"KEY_DBLINK",300,,LOGDT017,691,80 CHAR,,,UNKNOWN,unknown,
8550B5CC-8AB2-4AC1-3C2B-1A38E7FAFB4D,"KEY_DOMAIN",301,,LOGDT017,691,20 CHAR,,,UNKNOWN,unknown,
32C7CC37-5DD4-EAFD-3257-D8AFFD42678E,"KEY_ETL_ACTION_FLAG",302,,LOGDT017,691,1 CHAR,,,UNKNOWN,unknown,
B49838E7-FF36-1387-3F37-F944F38CC429,"KEY_ETL_CONDITION",303,,LOGDT017,691,20 CHAR,,,UNKNOWN,unknown,
CDFB89D4-571D-A2CA-B82D-9F9032B8781D,"KEY_ETL_ERROR",304,,LOGDT017,691,05 CHAR,,,UNKNOWN,unknown,
86B349E5-2685-0B2E-907B-6930D2D1C3C1,"KEY_ETL_ERROR_CODE",305,,LOGDT017,691,10 CHAR,,,UNKNOWN,unknown,
5793352A-06D0-4552-9002-030AD9FD8E9C,"KEY_ETL_ERROR_CONTENT",306,,LOGDT017,691,80 CHAR,,,UNKNOWN,unknown,
94403DC9-DB8E-59D9-4DF1-CA792E9D0CC8,"KEY_ETL_ERROR_NUMBER",307,,LOGDT017,691,10 CHAR,,,UNKNOWN,unknown,
67E6D2DF-34CF-F7AC-1676-9C752D4FB31B,"KEY_ETL_OPERATOR",308,,LOGDT017,691,480 CHAR,,,UNKNOWN,unknown,
5BFA049A-8741-8DFB-F8B9-15847D0C7FD3,"KEY_ETL_PROCESS",309,,LOGDT017,691,80 CHAR,,,UNKNOWN,unknown,
8181CA02-2702-279A-314F-5C02D8BBFB4C,"KEY_ETL_SOURCE",310,,LOGDT017,691,10 CHAR,,,UNKNOWN,unknown,
1B39869B-9525-AE93-0DFF-E5ECE4A381F4,"KEY_ETL_STATUS",311,,LOGDT017,691,5 CHAR,,,UNKNOWN,unknown,
316CCE0D-12F3-2EC7-62C1-8BA7E07AE743,"KEY_ETL_TYPE",312,,LOGDT017,691,20 CHAR,,,UNKNOWN,unknown,
2952B584-8A1B-2929-DE2A-285E709744AE,"KEY_ETL_VALUE_FORMAT",313,,LOGDT024,752,20 CHAR,,,VARCHAR,VARCHAR,
7D80ABA1-0C5C-07AA-EB91-E083CEB8B5ED,"KEY_INGESTED_BY",314,,LOGDT024,752,20 CHAR,,,VARCHAR,VARCHAR,
A9613E63-64EA-0991-6B58-89E2135C7604,"KEY_LANGUAGE_ ISO639_1",315,"Language Code ISO 639-1",LOGDT024,752,2 CHAR,,,VARCHAR,VARCHAR,
0376BEB4-C10D-2E14-435C-A3FA76EFCCE0,"KEY_LANGUAGE_ ISO639_NAME",316,,LOGDT024,752,80 CHAR,,,VARCHAR,VARCHAR,
2784E5A7-FD00-493C-2B7F-A707D4F6875E,"KEY_OBJECT_NAME",317,,LOGDT024,752,80 CHAR,,,VARCHAR,VARCHAR,
8852E69D-9AE5-40EB-E58D-7E5E3FC36D55,"KEY_OBJECT_POSITION",318,,LOGDT011,717,15 CHAR,,,INTEGER,Integer,
B060C8FB-E979-551F-DB55-058CFC3CA450,"KEY_OBJECT_TYPE",319,,LOGDT024,752,20 CHAR,,,VARCHAR,VARCHAR,
BBE565F3-7262-3F7E-5D51-CA671F663A04,"KEY_OWNER",320,"cee_id_employee",LOGDT024,752,20 CHAR,,,VARCHAR,VARCHAR,
D101143A-2BAF-1F36-F23C-717446CF2FD4,"KEY_PLATFORM",321,"server name",LOGDT024,752,20 CHAR,,,VARCHAR,VARCHAR,
1CFA2E68-EB95-922D-A165-E0F70AD0BCB9,"KEY_REFERENCE",322,,LOGDT024,752,1 CHAR,,,VARCHAR,VARCHAR,
7CE5A817-5FC6-AF1F-A4C4-02423A83723B,"KEY_Surrogate_Key",323,,LOGDT011,717,13 CHAR,,,INTEGER,Integer,
209F2CEC-13A0-FF97-2629-C1A8DEF47ABA,"KEY_TYPE_CAL",324,,LOGDT024,752,5 CHAR,,,VARCHAR,VARCHAR,
74B26896-9798-2FE6-F9A9-DFFE3627EF41,"KEY_TYPE_SCHEMA",325,,LOGDT024,752,80 CHAR,,,VARCHAR,VARCHAR,
5E381D6D-B0C4-96FF-9F96-EE6F6DFACD89,"KEY_UPDATED_BY",326,,LOGDT024,752,20 CHAR,,,VARCHAR,VARCHAR,
7BB65E01-5415-13D3-2C1F-DEEFC605AA54,"ms_timestamp",327,,LOGDT017,691,,,,UNKNOWN,unknown,
66E44196-4E8D-3178-4708-9E3418EF4E53,"NAME",328,,LOGDT024,752,80 CHAR,,,VARCHAR,VARCHAR,
47038BF6-4EE3-D42C-9957-C5E2C142C3E1,"NAME_120",329,,LOGDT024,752,120 CHAR,,,VARCHAR,VARCHAR,
10E2CDF0-1803-30F1-D5D8-415039BCB81F,"NAME_30",330,,LOGDT024,752,30 CHAR,,,VARCHAR,VARCHAR,
7575AB33-1FA8-44D8-CF7A-FF65B125C23B,"NAME_80",331,,LOGDT024,752,80 CHAR,,,VARCHAR,VARCHAR,
C61E8608-149F-05FF-377E-FE4F05A20435,"NAME_COMPANY",332,,LOGDT024,752,80 CHAR,,,VARCHAR,VARCHAR,
B618BB8A-7D2D-2BFE-85EC-256EE663DB5A,"NAME_FIRST",333,,LOGDT024,752,40 CHAR,,,VARCHAR,VARCHAR,
24B88740-3ADC-BD51-6457-A39ECE0E2B49,"NAME_LAST",334,,LOGDT024,752,80 CHAR,,,VARCHAR,VARCHAR,
ED61EC1C-5CBE-9BC8-73A6-75BF42B2A3F6,"NAME_MI",335,,LOGDT024,752,1 CHAR,,,VARCHAR,VARCHAR,
0B4DD5A1-D4E0-0D1E-0B87-EC1B5EACCC0A,"name_short",336,"abbreviation",LOGDT024,752,20 CHAR,,,VARCHAR,VARCHAR,
D1AB6602-7F03-1005-2053-FBB138A20D6C,"NO",337,,LOGDT024,752,10 CHAR,,,VARCHAR,VARCHAR,
427BB62A-ECBE-536D-EE24-1BE9389E4DE6,"NO_CHAR10",338,,LOGDT024,752,10 CHAR,,,VARCHAR,VARCHAR,
C795322B-BE72-ACC9-1B70-C3ADE665DAD4,"NO_CHAR20",339,,LOGDT024,752,20 CHAR,,,VARCHAR,VARCHAR,
1FE4A655-5C86-B008-9981-124733968664,"NO_CHAR40",340,,LOGDT024,752,40 CHAR,,,VARCHAR,VARCHAR,
F0C6841F-666A-1DC1-969D-1E5C53A0D05B,"NO_EMPLOYEE",341,,LOGDT024,752,20 CHAR,,,VARCHAR,VARCHAR,
05C26BA6-C7F6-F964-8AA6-DFFCEABA3C82,"NO_USER",342,,LOGDT024,752,40 CHAR,,,VARCHAR,VARCHAR,
F1F82A7F-98AA-78FC-95F9-EE258D3FF7ED,"ORG_BU",343,,LOGDT024,752,40 CHAR,,,VARCHAR,VARCHAR,
F55C80E3-AC02-204C-2376-761086E69B66,"ORG_BU_ABBR",344,,LOGDT024,752,20 CHAR,,,VARCHAR,VARCHAR,
AFDFCA48-EFA7-877A-D929-0BF7B2CE647E,"ORG_BU_ID",345,,LOGDT024,752,10 CHAR,,,VARCHAR,VARCHAR,
0DF6A84C-A3E7-42CD-D93A-476C6D2D1D52,"ORG_CMPY",346,,LOGDT024,752,40 CHAR,,,VARCHAR,VARCHAR,
9A7DD9CB-2426-1E3C-286C-3AA89380E7CA,"ORG_CMPY_ABBR",347,,LOGDT024,752,20 CHAR,,,VARCHAR,VARCHAR,
1C3581E2-E309-D399-AE4F-90A701B49D4B,"ORG_CMPY_ID",348,,LOGDT024,752,10 CHAR,,,VARCHAR,VARCHAR,
A5F08CEF-185A-BA28-2322-6BBB0190FFCD,"ORG_DIV",349,,LOGDT024,752,40 CHAR,,,VARCHAR,VARCHAR,
10BCE11B-B9A3-DB4E-E7FE-00EED4F6B796,"ORG_DIV_ABBR",350,,LOGDT024,752,20 CHAR,,,VARCHAR,VARCHAR,
4A34173F-663E-A75A-5597-B30B4A51484F,"ORG_DIV_ID",351,,LOGDT024,752,10 CHAR,,,VARCHAR,VARCHAR,
BF628082-3D1E-F7A9-745C-56426A2E5EB5,"ORG_DPT",352,,LOGDT024,752,40 CHAR,,,VARCHAR,VARCHAR,
05A9B849-49AC-AD5B-CEF5-13461DD42583,"ORG_DPT_ABBR",353,,LOGDT024,752,20 CHAR,,,VARCHAR,VARCHAR,
F8005FE7-AE80-F9FE-8B93-2496D8BD5B31,"ORG_DPT_CC",354,,LOGDT024,752,20 CHAR,,,VARCHAR,VARCHAR,
F7A32204-9BE1-BF5F-F83B-44744BA4AF45,"ORG_DPT_ID",355,,LOGDT024,752,10 CHAR,,,VARCHAR,VARCHAR,
42EFDAE1-75F0-5B1A-736B-D6441A3F98EA,"ORG_LEVEL1",356,,LOGDT017,691,20 CHAR,,,UNKNOWN,unknown,
79A9E762-0226-EE27-B5D3-4888288441B3,"ORG_LEVEL2",357,,LOGDT017,691,20 CHAR,,,UNKNOWN,unknown,
25833E2D-347A-A44D-E536-A755D08B6DBA,"ORG_LEVEL3",358,,LOGDT017,691,20 CHAR,,,UNKNOWN,unknown,
D2B7587F-C395-4560-4B5C-B8BF3A8B5CB1,"ORG_LEVEL4",359,,LOGDT017,691,20 CHAR,,,UNKNOWN,unknown,
E657442F-4D13-1724-3A9F-BDAD37E67FD6,"ORG_LEVEL5",360,,LOGDT017,691,20 CHAR,,,UNKNOWN,unknown,
4F3FD7F3-E8B3-90C3-866F-86498CAD1113,"ORG_LEVEL6",361,,LOGDT017,691,20 CHAR,,,UNKNOWN,unknown,
F0BCD495-7A00-6B39-92A6-B0F8729331DA,"PERSON_GENDER",362,,LOGDT024,752,1 CHAR,,,VARCHAR,VARCHAR,
7277AB23-3F79-8092-F5A1-C222A8C5512B,"PERSON_HONORIFICATION",363,,LOGDT024,752,10 CHAR,,,VARCHAR,VARCHAR,
AA3FFFDC-BA2A-C2AA-F794-89B50877D229,"PERSON_SALUTATION",364,,LOGDT024,752,5 CHAR,,,VARCHAR,VARCHAR,
44CB9664-D281-F784-65BC-3A4645248B8A,"QUANTITY_19_0",365,,LOGDT017,691,19 BYTE,19,0,UNKNOWN,unknown,
6BA63F2F-3235-7A3A-F40E-1B69F49EE5CA,"QUANTITY_19_2",366,,LOGDT017,691,19 BYTE,19,2,UNKNOWN,unknown,
34715928-1FCC-1CA7-D49D-76DCCA35604C,"RANGE_CONTRACT",367,,LOGDT024,752,10 CHAR,,,VARCHAR,VARCHAR,
CE2BBFB9-F25F-440A-1227-91B137B7025A,"RANGE_LEASE_A",368,,LOGDT024,752,10 CHAR,,,VARCHAR,VARCHAR,
348AAD7E-E2CC-A8D0-A596-EFF31CFB830F,"RANGE_LEASE_B",369,,LOGDT024,752,10 CHAR,,,VARCHAR,VARCHAR,
02B22F86-B430-9D17-953F-248F18EBC92D,"REF_3RD_ID",370,,LOGDT024,752,20,,,VARCHAR,VARCHAR,
9AF30350-BFB5-0498-1955-A63BE96E2AF7,"REF_AABA",371,,LOGDT019,724,18,,,NUMERIC,NUMERIC,
9E6C179F-7A33-96D1-3588-30B9F52D9AED,"REF_ACCT_ID",372,,LOGDT024,752,18,,,VARCHAR,VARCHAR,
66597EE4-EA29-2AA2-FD3D-681331D84CA6,"REF_ANNU_IMSA_ORIG",373,,LOGDT019,724,18,,,NUMERIC,NUMERIC,
264A69FD-28ED-8471-AB4A-C15CEDFF9B02,"REF_APP_POSITIONED",374,,LOGDT024,752,400,,,VARCHAR,VARCHAR,
4206F1F8-B873-9538-54B7-C2C578922877,"REF_APTS_ID",375,,LOGDT024,752,20,,,VARCHAR,VARCHAR,
4AA83A99-9D40-D080-51BE-6763A02B599A,"REF_APTS_ID1",376,,LOGDT024,752,20,,,VARCHAR,VARCHAR,
9DBF9EE2-437D-BE98-C396-2DE62DC374E0,"REF_APTS_IMSA",377,,LOGDT019,724,18,,,NUMERIC,NUMERIC,
E5A52168-CB76-BA5D-2F21-C9A8ACE34F13,"REF_APTS_IMSA_WITH_CURR",378,,LOGDT019,724,18,,,NUMERIC,NUMERIC,
FCD49075-DD59-9D0B-F555-9621E66FB6FC,"REF_APTS_QT_PROPOSAL",379,,LOGDT024,752,18,,,VARCHAR,VARCHAR,
03F77D69-CA77-0024-6A57-B7B58A076B61,"REF_APTTUS_PROPOSAL_DISC_PERCENTV",380,,LOGDT019,724,18,,,NUMERIC,NUMERIC,
4D98F94C-3A85-CB6A-374D-A888CE0D4F7B,"REF_ASSIGN_BDR",381,,LOGDT024,752,18,,,VARCHAR,VARCHAR,
6D6E467F-DAF5-1F67-E7D2-436AAB0DE3E8,"REF_ASSIGNED_BPAAS",382,,LOGDT024,752,18,,,VARCHAR,VARCHAR,
C2F5E365-EC3A-F8B1-71AD-050F844BBCF2,"REF_ASSIGNED_VAR",383,,LOGDT024,752,18,,,VARCHAR,VARCHAR,
8812F8C8-E0A1-7BA1-4EA3-D364B0E36C85,"REF_BC_ID",384,,LOGDT024,752,80,,,VARCHAR,VARCHAR,
DC48E5DF-98F8-BD47-B491-D43BE5228ED4,"REF_BUSINESS_LOST_REASON",385,,LOGDT024,752,140,,,VARCHAR,VARCHAR,
D5465921-B35C-E7C1-93B5-5C11D59F7477,"REF_CAMP_ID",386,,LOGDT024,752,18,,,VARCHAR,VARCHAR,
29268135-B35C-13AC-012D-CEEB7558C379,"REF_CLOSE_DATE",387,,LOGDT015,747,,,,DATETIME,Timestamp,
57344433-C6B1-1BEF-49A6-10F7EF2F6FA0,"REF_CLOSED_LOST_DESCRIPTION",388,,LOGDT024,752,300,,,VARCHAR,VARCHAR,
9F45897F-D6F1-E0F8-8F99-901B5C47E078,"REF_CLOSED_LOST_REASON",389,,LOGDT024,752,20,,,VARCHAR,VARCHAR,
ABE9EF2B-3DB5-90C8-AB40-53473090E624,"REF_CLS_EMSA_ORIG",390,,LOGDT019,724,18,,,NUMERIC,NUMERIC,
0295F22B-665E-ABD7-EB88-2E888E532FDC,"REF_CLS_IMSA_ORIG",391,,LOGDT019,724,18,,,NUMERIC,NUMERIC,
0EB68B6D-F118-ECD1-CCA5-BEA71A84FC46,"REF_CLS_ORIG",392,,LOGDT019,724,18,,,NUMERIC,NUMERIC,
760E47D5-EA39-8B42-38F2-DD4145FE744D,"REF_CMT_FIRST_MEETING",393,,LOGDT024,752,300,,,VARCHAR,VARCHAR,
D950367E-51F5-A02E-489E-3FC3A98F850B,"REF_CMT_FIRST_MEETING_FORMULA",394,,LOGDT024,752,18,,,VARCHAR,VARCHAR,
A66C466B-1EAE-699E-FCDE-676BD54E0051,"REF_CMT_STEPS_TO_CLOSE",395,,LOGDT024,752,40000,,,VARCHAR,VARCHAR,
090D2714-FAC6-ED5E-1CDC-3CB46B183C5D,"REF_CNTR_APPROVED_IN_EXT",396,,LOGDT024,752,20,,,VARCHAR,VARCHAR,
3DE29566-9E91-5790-5572-FA7076E16063,"REF_CNTR_SIGNED_INTERNALLY",397,,LOGDT024,752,20,,,VARCHAR,VARCHAR,
081A5A82-833A-C37C-DBB5-BBFDD8B0E609,"REF_CODE_FREQUENCY",398,,LOGDT024,752,20 CHAR,,,VARCHAR,VARCHAR,
752EF4D6-9BBA-626C-6CEB-83EB64FC8DDC,"REF_COMM_3RD_BC_SPLITS",399,,LOGDT019,724,18,,,NUMERIC,NUMERIC,
875E0A41-29B5-8203-2065-4822FBD962EE,"REF_COMM_3RD_CLIENT_PART_SPLITS",400,,LOGDT019,724,18,,,NUMERIC,NUMERIC,
AB3DE218-FE1E-6C4B-0DA0-BAAA053C588C,"REF_COMM_3RD_IP_SPLITS",401,,LOGDT019,724,18,,,NUMERIC,NUMERIC,
133B37D1-2F70-E71A-A2FD-16C5EC30968B,"REF_COMM_3RD_PART_MANAGER_SPLITS",402,,LOGDT019,724,18,,,NUMERIC,NUMERIC,
20946581-3861-05A0-B43B-2AB74F593B7C,"REF_COMM_PRIMARY_CLIENT_PART_SPLITS",403,,LOGDT019,724,18,,,NUMERIC,NUMERIC,
95AA8A0A-04DE-1169-0099-AB4427455564,"REF_COMM_PRIMARY_IP_SPLITS",404,,LOGDT019,724,18,,,NUMERIC,NUMERIC,
C2B0A780-83F0-DCE0-8E3D-B85F56709CE0,"REF_COMM_PRIMARY_PART_MANAGER_SPLITS",405,,LOGDT019,724,18,,,NUMERIC,NUMERIC,
D8E379B6-3384-7BBE-F26B-6A1A52DA0E10,"REF_COMM_SECONDARY_CLIENT_PART_SPLITS",406,,LOGDT019,724,18,,,NUMERIC,NUMERIC,
96A8AB3A-CA76-7BAA-E7E0-9760F8D2CE0B,"REF_COMM_SECONDARY_IP_SPLITS",407,,LOGDT019,724,18,,,NUMERIC,NUMERIC,
C971D7CA-5833-0F96-023E-E125A6B0AB79,"REF_COMM_SECONDARY_PART_MANAGER_SPLITS",408,,LOGDT019,724,18,,,NUMERIC,NUMERIC,
C669E2B6-282F-3E86-74F4-B516EA50C378,"REF_COMPETITION",409,,LOGDT024,752,100,,,VARCHAR,VARCHAR,
2AD3CFDF-0FDF-94A9-838E-7F0B9B27CE4B,"REF_CONT",410,,LOGDT019,724,18,,,NUMERIC,NUMERIC,
627B61B7-3A2B-C9D9-6FAA-024FB8A29721,"REF_CONT_ID",411,,LOGDT024,752,18,,,VARCHAR,VARCHAR,
19302A3E-ED28-D2C2-CDD6-EA752969C38C,"REF_CONT_RECYCLE_NO",412,,LOGDT019,724,10,,,NUMERIC,NUMERIC,
071049FF-F833-0CB4-4CFB-6C521E31BF35,"REF_CR_OPP",413,,LOGDT024,752,3,,,VARCHAR,VARCHAR,
F8F0B7A2-1A1F-D80F-4FB4-14F3752E4353,"REF_CREBY_ID",414,,LOGDT024,752,18,,,VARCHAR,VARCHAR,
A251BCC8-9B2B-13E8-9065-EC4226E257B9,"REF_CREDT",415,,LOGDT015,747,,,,DATETIME,Timestamp,
43BC746B-28DB-4F73-233B-AE8BAD98F0E9,"REF_CUST_SPECIFIC_BUSINESS_DRIVERS",416,,LOGDT024,752,4000,,,VARCHAR,VARCHAR,
1F0BE4CF-40A9-0EF5-5C21-AF66E95522F0,"REF_DELIVERY_DIRECTOR",417,,LOGDT024,752,18,,,VARCHAR,VARCHAR,
D74C7AD6-81B1-8BF6-C45E-65236AFBDDEB,"REF_DELIVERY_VP",418,,LOGDT024,752,30,,,VARCHAR,VARCHAR,
7F58D35A-5736-77AC-511F-CF4754AED978,"REF_DOCUMENT_STATU",419,,LOGDT024,752,6,,,VARCHAR,VARCHAR,
80CB4FE8-D139-90E6-A39E-1641405AC8BC,"REF_DQ_DESCRIPTION",420,,LOGDT024,752,100,,,VARCHAR,VARCHAR,
8D8E6821-6E0E-36D1-81E2-40C82A30EAC7,"REF_DQ_SCORE",421,,LOGDT019,724,18,,,NUMERIC,NUMERIC,
CA125331-A758-95C7-1163-7F878EFEF7A3,"REF_ELIGIBLE_FOR_KINAXIS_PAY",422,,LOGDT024,752,3,,,VARCHAR,VARCHAR,
998F88E7-CB3E-CEEA-41CD-0011DB3906A7,"REF_EMSA_ID",423,,LOGDT024,752,20,,,VARCHAR,VARCHAR,
B652BE7A-985C-CEC9-E5DC-6A23A7F25D0D,"REF_EMSA_ID1",424,,LOGDT024,752,20,,,VARCHAR,VARCHAR,
DD8627F6-64B4-C6BA-292C-A9A7055D4F19,"REF_ERP",425,,LOGDT024,752,100,,,VARCHAR,VARCHAR,
53922B25-415F-31F8-048A-73469768FA0C,"REF_ERP_ON_PREM_CLOUDv1",426,,LOGDT024,752,20,,,VARCHAR,VARCHAR,
DC540034-79BE-DB2B-59DE-3C74FE3D5384,"REF_FLAG_INDICATOR",427,,LOGDT024,752,1,,,VARCHAR,VARCHAR,
C5CDF58F-0270-D204-79F8-9B70C5248333,"REF_FLAG_STATUS",428,,LOGDT024,752,3,,,VARCHAR,VARCHAR,
C051ABB0-DB88-54A4-2C6E-3A1DC09C09F5,"REF_FUTURE_CAND_APP",429,,LOGDT024,752,400,,,VARCHAR,VARCHAR,
179FCD28-6CB5-F566-CF64-FD754C7CA2EA,"REF_GENERIC_BUSINESS_DRIVERS_FUNCTIONAL",430,,LOGDT024,752,450,,,VARCHAR,VARCHAR,
2D699EB3-3807-3012-1D35-B3FABE429088,"REF_GENERIC_BUSINESS_DRIVERS_OPERATIONAL",431,,LOGDT024,752,450,,,VARCHAR,VARCHAR,
D7BD468D-3CD4-9DC7-2CFC-D86A84A11530,"REF_GUARDRAIL_NOT_APPLICABLE",432,,LOGDT024,752,3,,,VARCHAR,VARCHAR,
92F65EB9-B8C0-04EE-FB98-A432FDE16C2A,"REF_HAS_OPEN_ACTIVITY",433,,LOGDT024,752,3,,,VARCHAR,VARCHAR,
DF047048-F358-66D4-000C-6DB9C7DBA630,"REF_HAS_OPP_LINEITEM",434,,LOGDT024,752,3,,,VARCHAR,VARCHAR,
8660E9A9-A3C5-EE51-1BE2-7A5BD134CFC2,"REF_HAS_OVERDUE_TASK",435,,LOGDT024,752,3,,,VARCHAR,VARCHAR,
0B17E48F-D7C6-32BF-20DA-B716FE537B56,"REF_HAS_VALUE_DRIVER",436,,LOGDT024,752,3,,,VARCHAR,VARCHAR,
D9645D90-CE2D-E56A-635C-9761E120C774,"REF_ID_EMPLOYEE",437,,LOGDT024,752,20 CHAR,,,VARCHAR,VARCHAR,
7B5E7C97-8C42-0416-B8E1-7D2EA6316B2A,"REF_IF_OTHER_PLEASE_SPECIFY_ERP",438,,LOGDT024,752,80,,,VARCHAR,VARCHAR,
83F00CCB-A093-1CBA-5A02-8F7FA0454E27,"REF_IMSA_CREDIT_ORIG",439,,LOGDT019,724,18,,,NUMERIC,NUMERIC,
917961B4-13BC-C71F-E88C-D33F6B153C96,"REF_IMSA_ID",440,,LOGDT024,752,20,,,VARCHAR,VARCHAR,
26FAF885-2BBF-04F4-BCE1-1F79DCCC71FA,"REF_IMSA_LOSS_DESCRIPTION",441,,LOGDT024,752,300,,,VARCHAR,VARCHAR,
C87F688F-4222-1DD4-9BC1-BE0CDFD4C6C1,"REF_IMSA_LOSS_REASON",442,,LOGDT024,752,30,,,VARCHAR,VARCHAR,
5E55D1F5-6135-4A32-5E21-F33744B5AFFF,"REF_INCLUDE_IN_FORECASTING",443,,LOGDT019,724,18,,,NUMERIC,NUMERIC,
075619FF-8069-D4C0-A452-D1B660F27712,"REF_IS_CLOSED",444,,LOGDT024,752,3,,,VARCHAR,VARCHAR,
12D8DF94-E2C0-B911-FC5B-6FAA4983CB9C,"REF_IS_DELETED",445,,LOGDT024,752,3,,,VARCHAR,VARCHAR,
9A66E328-F2E3-54ED-9702-02216C9B93E5,"REF_IS_EXCLUDED_FROM_SLSTER_2_FILTER",446,,LOGDT019,724,18,,,NUMERIC,NUMERIC,
FC263DB1-1741-A50F-4D26-FE5DAC9D5BC5,"REF_IS_PRIVATE",447,,LOGDT019,724,18,,,NUMERIC,NUMERIC,
DDDE6082-6B19-9799-6E4D-B8D34DA938F1,"REF_IS_WON",448,,LOGDT024,752,3,,,VARCHAR,VARCHAR,
19A995BD-C7EA-28C4-51D4-6A4FF4BA911C,"REF_KS_ANNU_SUBS",449,,LOGDT019,724,18,,,NUMERIC,NUMERIC,
6F09AA94-F23A-42BF-4588-8F67E42B2113,"REF_KS_ID",450,,LOGDT024,752,20,,,VARCHAR,VARCHAR,
DA4790A4-A2A2-D605-5D04-E990612B1EDE,"REF_KS_IMSA_LOSS_REASON",451,,LOGDT024,752,50,,,VARCHAR,VARCHAR,
7AF6BA03-B4EA-657D-F6AF-FF4B0E2F2F8D,"REF_KS_LOST_IMSA",452,,LOGDT019,724,18,,,NUMERIC,NUMERIC,
8C4533D2-1A99-5A7C-BD0B-1FF1C96965D8,"REF_KS_SUBS_TYPE",453,,LOGDT019,724,18,,,NUMERIC,NUMERIC,
51A413B8-9958-B16B-E795-7B7FB6EC051C,"REF_LAST_ACTIVITY_DATE",454,,LOGDT015,747,,,,DATETIME,Timestamp,
C5741492-AF73-E8CB-454F-89F0E1F0A266,"REF_LAST_AMOUNT_CHANGED_HISTORY_ID",455,,LOGDT024,752,50,,,VARCHAR,VARCHAR,
C3FECFB4-0EA4-96C4-CAF9-03D6F57D0352,"REF_LAST_CLOSE_DATE_CHANGED_HISTORY_ID",456,,LOGDT024,752,50,,,VARCHAR,VARCHAR,
79F9D360-6237-7655-B0E2-2331CCBC1E21,"REF_LAST_MODIFIED_BY_ID",457,,LOGDT024,752,50,,,VARCHAR,VARCHAR,
15CF2372-8C50-C239-88DE-9AB00CF09A32,"REF_LAST_MODIFIED_DATE",458,,LOGDT015,747,,,,DATETIME,Timestamp,
B6C8D99F-90D3-162C-B41A-8C13F69CC709,"REF_LAST_REFERENCED_DATE",459,,LOGDT015,747,,,,DATETIME,Timestamp,
6891CCCB-5C7A-10E9-6470-4C7391813AA8,"REF_LAST_REFRESH_DTM",460,,LOGDT015,747,,,,DATETIME,Timestamp,
699AB286-F389-C9C4-8CD1-3FA9E2F76FDB,"REF_LAST_VIEWED_DATE",461,,LOGDT015,747,,,,DATETIME,Timestamp,
6A60CBD0-25BB-BC04-7C33-FAD51A628145,"REF_LATEST_CAM_SRC",462,,LOGDT024,752,50,,,VARCHAR,VARCHAR,
EC0603C4-CEE3-48C6-729B-B5E2BED6F20E,"REF_LEAD_ID",463,,LOGDT024,752,18,,,VARCHAR,VARCHAR,
BF4CA5F0-7A74-AD00-F275-9173719E2409,"REF_LEAD_SRC",464,,LOGDT024,752,50,,,VARCHAR,VARCHAR,
63E0FDEB-BE36-9D60-40BB-338B290AEE88,"REF_LEGAL_CMT",465,,LOGDT024,752,450,,,VARCHAR,VARCHAR,
3DEE472D-2385-375D-49C2-CE081AB1E0B3,"REF_LEGAL_ENGM",466,,LOGDT024,752,50,,,VARCHAR,VARCHAR,
E7B6239E-BA7F-EE48-DF3A-AAAD9C5568A7,"REF_LEGAL_ID",467,,LOGDT024,752,20,,,VARCHAR,VARCHAR,
F13E74BD-69E8-CE26-1A63-E305E77AF3F1,"REF_LEGAL_IDv1",468,,LOGDT024,752,20,,,VARCHAR,VARCHAR,
C94543E8-0405-153A-A989-3377DFF56B30,"REF_LEGAL_PRIME",469,,LOGDT024,752,50,,,VARCHAR,VARCHAR,
6F952133-834C-8101-F6F8-EC61E6A86A0C,"REF_LID_CURRENTGENERATORS",470,,LOGDT024,752,50,,,VARCHAR,VARCHAR,
C2C097BA-FC40-2F3B-1180-9F77CCDC0E25,"REF_LID_DELIVERYINSTALLATIONSTATUS",471,,LOGDT024,752,50,,,VARCHAR,VARCHAR,
62A613DC-1D62-35CE-F985-51296AAFDD65,"REF_LID_ID",472,,LOGDT024,752,20,,,VARCHAR,VARCHAR,
FA52DC42-AD81-0199-CBE8-EEE812703300,"REF_LID_IS_INFLUENCED",473,,LOGDT019,724,18,,,NUMERIC,NUMERIC,
6CC00AD9-EEB5-2C0E-8E1C-8366A67DE9B6,"REF_LID_LINKEDIN_COMPY_ID",474,,LOGDT024,752,50,,,VARCHAR,VARCHAR,
19B5F187-55A9-3F6B-AB04-C9E2A4277181,"REF_LID_MAINCOMPETITORS",475,,LOGDT024,752,50,,,VARCHAR,VARCHAR,
B7791642-4E7B-28F5-211C-2CA878C212E7,"REF_LID_MY_DATETIME",476,,LOGDT015,747,,,,DATETIME,Timestamp,
F446F943-9871-D8D3-A31F-0FADB0E48CD5,"REF_LID_MY_GEOLOCATION_LATITUDE",477,,LOGDT019,724,18,,,NUMERIC,NUMERIC,
489A53EC-9473-062E-8644-6D6466C35470,"REF_LID_MY_GEOLOCATION_LOGITUDE",478,,LOGDT019,724,18,,,NUMERIC,NUMERIC,
BBA1E73E-0333-C053-782E-B4265EA5FB30,"REF_LID_ORDERNUMBER",479,,LOGDT024,752,50,,,VARCHAR,VARCHAR,
ADE77B38-5A05-4480-1C48-C8B96E341FDE,"REF_LID_TRACKINGNUMBER",480,,LOGDT024,752,50,,,VARCHAR,VARCHAR,
B798F14D-25D0-1315-CD53-56562F93E0A2,"REF_LOST_TO_COMPETITOR",481,,LOGDT024,752,50,,,VARCHAR,VARCHAR,
66F733EB-3D69-C701-1489-7CF882D5F2C5,"REF_MANUALLY_SYNC_WITH_MAVENLINK",482,,LOGDT024,752,3,,,VARCHAR,VARCHAR,
1C6EA443-6D86-7D63-8851-3E075727612C,"REF_MISSING_GUARDRAIL",483,,LOGDT024,752,3,,,VARCHAR,VARCHAR,
0BB682C3-E9D0-F1E9-FB63-50494DF7F5EF,"REF_NDA_SIGNED",484,,LOGDT024,752,3,,,VARCHAR,VARCHAR,
61CA06B8-9C09-B2E6-88D8-0BC6ED56FF54,"REF_NEXT_STEP",485,,LOGDT024,752,150,,,VARCHAR,VARCHAR,
264DAABB-08DE-3C12-7E03-0D755AEAEF58,"REF_NO_CUSTOM_DEMO_ACTIVITY",486,,LOGDT019,724,18,,,NUMERIC,NUMERIC,
85B33425-5CAF-F7CB-2081-8F99FD23B5FE,"REF_NO_DISCOVERY_ACTIVITY",487,,LOGDT024,752,3,,,VARCHAR,VARCHAR,
A4414F7E-4FA6-1DDD-B200-35C562192C2A,"REF_NO_EMPLOYEE",488,,LOGDT024,752,20 CHAR,,,VARCHAR,VARCHAR,
EC7728BF-A873-212D-87F6-0D44090184E4,"REF_NO_POC_ACTIVITY",489,,LOGDT019,724,18,,,NUMERIC,NUMERIC,
ADD8E466-4A49-E17F-E5AD-1BA791A2B567,"REF_NON_DEFINED_APPLICATIONS_POSITIONED",490,,LOGDT024,752,200,,,VARCHAR,VARCHAR,
36A1D7EA-7D11-FD8B-8B96-4AD38276C6A3,"REF_NON_DEFINED_CAND_APPLICATIONS",491,,LOGDT024,752,50,,,VARCHAR,VARCHAR,
97B89B7D-29A5-5D20-610E-CC5513A5DFD7,"REF_OD_OP",492,,LOGDT024,752,15,,,VARCHAR,VARCHAR,
AEA82599-76D1-4BC6-4406-707B0C6DFCB5,"REF_OD_OR_OP",493,,LOGDT024,752,50,,,VARCHAR,VARCHAR,
D9504E50-1B90-7B13-9D7F-817BA1079BC4,"REF_OPP_DIM_ID",494,,LOGDT024,752,20,,,VARCHAR,VARCHAR,
2538CE09-550B-926B-7EE6-2B9C5A6A528C,"REF_OPP_ID",495,,LOGDT024,752,18,,,VARCHAR,VARCHAR,
731A94AB-29C6-AD30-B174-673E76613726,"REF_OPP_ID1",496,,LOGDT024,752,18,,,VARCHAR,VARCHAR,
9CEE8120-0964-5E30-EC79-2B84F4EDFC93,"REF_OPP_ID10",497,,LOGDT024,752,18,,,VARCHAR,VARCHAR,
587F26A9-5152-0AC0-8D4D-9BDCCE9AF526,"REF_OPP_ID2",498,,LOGDT024,752,18,,,VARCHAR,VARCHAR,
B9F7989C-0A90-433A-25F5-39ADE9C35BF7,"REF_OPP_ID3",499,,LOGDT024,752,18,,,VARCHAR,VARCHAR,
C6D66294-B7B7-1C65-DD3B-5541D4C8C9BD,"REF_OPP_ID4",500,,LOGDT024,752,18,,,VARCHAR,VARCHAR,
A1819A53-0E36-86D7-5D2E-9D3126EF504D,"REF_OPP_ID5",501,,LOGDT024,752,18,,,VARCHAR,VARCHAR,
CB08EB3B-E430-48D4-DE1E-4FC7B1221E03,"REF_OPP_ID6",502,,LOGDT024,752,18,,,VARCHAR,VARCHAR,
F7118DCA-D626-3BBB-9A60-119EFDE19098,"REF_OPP_ID7",503,,LOGDT024,752,18,,,VARCHAR,VARCHAR,
778D0140-2FAF-7B16-7B8F-ACE5DB294A65,"REF_OPP_ID9",504,,LOGDT024,752,18,,,VARCHAR,VARCHAR,
B37E393D-B355-2669-38F6-3A6F4D6065D5,"REF_OPP_INQ_TYPE",505,,LOGDT024,752,10,,,VARCHAR,VARCHAR,
F2D2BDA9-0FEC-EE29-4EE7-5CD378707811,"REF_OPP_TYPE",506,,LOGDT024,752,50,,,VARCHAR,VARCHAR,
B0B31830-B451-DC96-F32A-DBA5789C1831,"REF_ORIGINAL_LEAD_SOURCE_FORMULA",507,,LOGDT024,752,50,,,VARCHAR,VARCHAR,
81FB36F3-FDBF-8AA6-1744-7BE8B1727970,"REF_ORIGINAL_LEAD_SRC",508,,LOGDT024,752,50,,,VARCHAR,VARCHAR,
70E440A1-4B4E-73EC-740E-5A60D7BB9C69,"REF_OUTREACH_FIRST_PRIMARY_CONT",509,,LOGDT024,752,50,,,VARCHAR,VARCHAR,
C403F4FB-73BA-81B2-A9FC-80CB4DB23A50,"REF_OUTREACH_FIRST_PRIMARY_CONT_SEQUENCE",510,,LOGDT024,752,50,,,VARCHAR,VARCHAR,
6299E9E2-DBA9-0F8C-E414-FB536D4D4072,"REF_OWN_2ND_ID",511,,LOGDT024,752,18,,,VARCHAR,VARCHAR,
A0AFCF61-1072-268D-D96B-61CDABFF1C32,"REF_OWN_ID",512,,LOGDT024,752,18,,,VARCHAR,VARCHAR,
0479587C-1983-A9E5-EAFB-07B88430E396,"REF_PART",513,,LOGDT024,752,150,,,VARCHAR,VARCHAR,
E6CB61FE-6E17-022A-B153-53310FAD8399,"REF_PART_ID",514,,LOGDT024,752,20,,,VARCHAR,VARCHAR,
62CFD695-1465-9698-8970-79170CFB4E48,"REF_PART_MANAGER_NEW",515,,LOGDT024,752,100,,,VARCHAR,VARCHAR,
2C2B2845-F4DA-95A5-3AF1-9AD02F77609F,"REF_PART_PRESENT_NO_INFLUENCE",516,,LOGDT024,752,3,,,VARCHAR,VARCHAR,
A7F3BAF2-833A-EF77-6AE9-F48CB5FD10CE,"REF_PART_SVC_ORIG",517,,LOGDT019,724,18,,,NUMERIC,NUMERIC,
CFE32C2B-4E24-E70C-E2EB-E54282116F52,"REF_PARTNER_INFLUENCING_DECISION",518,,LOGDT024,752,3,,,VARCHAR,VARCHAR,
0D382E97-9FB6-79B1-46D2-E05837B192F4,"REF_PARTNER_MANAGER",519,,LOGDT024,752,50,,,VARCHAR,VARCHAR,
FE815924-8A2D-E273-EBFD-0C2401EBE257,"REF_PARTNER_ROLE",520,,LOGDT024,752,50,,,VARCHAR,VARCHAR,
755BD5A8-914E-B475-58D3-1AB8B6F4DD40,"REF_PREMIER_SUPPORT_EMSA_ORIG",521,,LOGDT019,724,18,,,NUMERIC,NUMERIC,
61BCADA7-C005-F1C6-DA66-63676D119FEA,"REF_PREMIER_SUPPORT_IMSA_ORIG",522,,LOGDT019,724,18,,,NUMERIC,NUMERIC,
D0D545EC-17B3-9A01-8E88-673925748B3A,"REF_PREVENT_MAVENLINK_PROJECT_CREATION",523,,LOGDT024,752,3,,,VARCHAR,VARCHAR,
C426EBA0-EF2C-0D3B-3E15-B6990B10D66F,"REF_PREVENT_MAVENLINK_PROJECT_CREATIONv2",524,,LOGDT024,752,3,,,VARCHAR,VARCHAR,
7C3D7D7A-F1FD-D958-3D4F-6FC670EF8FEB,"REF_PRICE_BOOK_2_ID",525,,LOGDT024,752,18,,,VARCHAR,VARCHAR,
C9234C6E-08BB-1ED6-19E5-496C0E04B599,"REF_PRICE_HOLD",526,,LOGDT024,752,3,,,VARCHAR,VARCHAR,
E3D3AB77-FAA0-E40D-11C9-677B270B0A19,"REF_PRIMARY_AE",527,,LOGDT024,752,18,,,VARCHAR,VARCHAR,
82C4DE07-55C0-4085-A59D-6ED9DC0BBB64,"REF_PRIMARY_AE_NOTUSED",528,,LOGDT024,752,50,,,VARCHAR,VARCHAR,
F28BC229-94BF-017D-E053-CE51EC1D64C5,"REF_PRIMARY_AE_SPLIT",529,,LOGDT019,724,18,,,NUMERIC,NUMERIC,
E1B1072B-F82D-33E8-EC9D-8A4D1DB7F764,"REF_PRIMARY_BC",530,,LOGDT024,752,18,,,VARCHAR,VARCHAR,
C9B45436-AF58-6AAF-BA63-4378A716BA4A,"REF_PRIMARY_BC_SPLIT",531,,LOGDT019,724,18,,,NUMERIC,NUMERIC,
6F874650-D00D-B73E-C515-C4332234D7D1,"REF_PRIMARY_BUSINESS_PROBLEM",532,,LOGDT024,752,50,,,VARCHAR,VARCHAR,
E72F50DA-9E38-ED60-EF4D-5DD3F6051058,"REF_PRIMARY_ID",533,,LOGDT024,752,20,,,VARCHAR,VARCHAR,
59A1B48E-7D3B-0E29-C816-267AB0F6E8B7,"REF_PRIMARY_IP",534,,LOGDT024,752,18,,,VARCHAR,VARCHAR,
EF6EBFED-4C88-AB78-BD85-CCE2159977B5,"REF_PRIMARY_PART_MANAGER",535,,LOGDT024,752,18,,,VARCHAR,VARCHAR,
2AB31014-981E-B672-9932-397195397BD1,"REF_PRIMARY_STRATEGIC_DIRECTOR",536,,LOGDT024,752,18,,,VARCHAR,VARCHAR,
9DD769A4-2AC6-87DF-CA46-3A855A56700E,"REF_PRIMARY_SURROGATE",537,,LOGDT024,752,18,,,VARCHAR,VARCHAR,
4F3AAB56-4DC1-2C16-D493-6259EB53A931,"REF_PROBABILITY",538,,LOGDT019,724,18,,,NUMERIC,NUMERIC,
942D2331-07C5-85C9-6C6A-5866B5884414,"REF_PROFESSIONAL_SVC_CREDIT_ORIG",539,,LOGDT019,724,18,,,NUMERIC,NUMERIC,
71381959-5A60-BCC9-6C1E-320F254EEBF4,"REF_PROS_BROCHURE",540,,LOGDT024,752,3,,,VARCHAR,VARCHAR,
28CB70FF-8AD4-CA4A-D3D3-281627227C5F,"REF_RAG_STATUS",541,,LOGDT024,752,10,,,VARCHAR,VARCHAR,
F22EC61E-45AA-1F8B-CD9D-037521109DD0,"REF_REASON_FOR_NOT_PARTICIPATING_IN_WIN_LOSS",542,,LOGDT024,752,100,,,VARCHAR,VARCHAR,
31CAA510-F3F5-D37C-79BC-48D31598E2FF,"REF_REASON_FOR_NOT_PARTICIPATING_TEXT",543,,LOGDT024,752,400,,,VARCHAR,VARCHAR,
166B0652-D90A-83AB-6F11-D3E0FB9981F2,"REF_REASON_FOR_RENEWAL_HEALTH",544,,LOGDT024,752,100,,,VARCHAR,VARCHAR,
09AFCBD0-A0D2-325E-E6C5-D09696DCDABC,"REF_RECORD_TYPE_ID",545,,LOGDT024,752,18,,,VARCHAR,VARCHAR,
04238B96-F060-295D-B731-116D0721FCE0,"REF_RENEWAL_HEALTH",546,,LOGDT024,752,50,,,VARCHAR,VARCHAR,
57880CC6-37DE-2837-602A-4C42A4644EB4,"REF_RENEWAL_ID",547,,LOGDT024,752,20,,,VARCHAR,VARCHAR,
475C00EF-8FFB-2563-87B0-00F0E49F966D,"REF_RENEWAL_IMSA_ORIG",548,,LOGDT019,724,18,,,NUMERIC,NUMERIC,
9554D734-6CF9-BFD0-677D-2DE74E180F43,"REF_RENEWAL_PRIME",549,,LOGDT024,752,18,,,VARCHAR,VARCHAR,
A222605C-5E2E-F025-8805-4ECDF27273B6,"REF_SALES_AE",550,,LOGDT024,752,18,,,VARCHAR,VARCHAR,
675DA1C8-6928-9C41-BDC2-12A656456D8D,"REF_SALES_SUCCESS_STORY",551,,LOGDT024,752,3,,,VARCHAR,VARCHAR,
43AC5B60-76D5-36DC-5AEF-13F99957B3A0,"REF_SALES_SUCCESS_STORY_COMPLETED",552,,LOGDT024,752,3,,,VARCHAR,VARCHAR,
1FFB696C-CBA3-5ED6-7140-A1E0D3581C66,"REF_SDR_ISR",553,,LOGDT024,752,50,,,VARCHAR,VARCHAR,
7B6132E8-C63E-9ACC-198A-4ADF7DFDA796,"REF_SECONDARY_AE",554,,LOGDT024,752,18,,,VARCHAR,VARCHAR,
E3966200-69A5-4B2C-E98B-2CC9657F3B7A,"REF_SECONDARY_AE_SPLIT",555,,LOGDT019,724,18,,,NUMERIC,NUMERIC,
3EC7DA43-6601-0D90-08DF-7C86D8319A73,"REF_SECONDARY_BC",556,,LOGDT024,752,18,,,VARCHAR,VARCHAR,
3D18B60F-90CC-EC13-C2B8-E0D4A02E7D76,"REF_SECONDARY_BC_SPLIT",557,,LOGDT019,724,18,,,NUMERIC,NUMERIC,
CA410451-1E0B-9486-2553-449C89E38C49,"REF_SECONDARY_CP",558,,LOGDT024,752,18,,,VARCHAR,VARCHAR,
60C7BD0F-EFCA-4847-A38F-D010DB7B0F1F,"REF_SECONDARY_ID",559,,LOGDT024,752,20,,,VARCHAR,VARCHAR,
8DBF7120-E136-A887-45AC-A7A01F1C13BD,"REF_SECONDARY_IP",560,,LOGDT024,752,18,,,VARCHAR,VARCHAR,
8467C88D-9ED0-15EA-D245-058911617534,"REF_SECONDARY_IP_L",561,,LOGDT024,752,50,,,VARCHAR,VARCHAR,
0E256ABB-87EE-65A8-C956-A6FE0FCC5F96,"REF_SECONDARY_PART_MANAGER",562,,LOGDT024,752,18,,,VARCHAR,VARCHAR,
5D30210C-2035-653C-29BD-9CC3F7798543,"REF_SERVICE_ID",563,,LOGDT024,752,20,,,VARCHAR,VARCHAR,
A2AF6997-DE3B-585A-8F3D-BE0C9FD7E5D6,"REF_SERVICE_ID1",564,,LOGDT024,752,20,,,VARCHAR,VARCHAR,
F2007CF3-DB0C-6E32-538F-21BFD8826BCE,"REF_SLS_3RD_ID",565,,LOGDT024,752,20,,,VARCHAR,VARCHAR,
83323FE5-D39A-4955-8C17-03A834061858,"REF_SLS_APTS_ID",566,,LOGDT024,752,20,,,VARCHAR,VARCHAR,
F6AA530B-B7F6-E2E9-148C-1AAF651DCAF0,"REF_SLS_EMSA_ID",567,,LOGDT024,752,20,,,VARCHAR,VARCHAR,
39FF69C8-EB65-C8B6-D928-46E70CDCBBCD,"REF_SLS_FORECAST_ID",568,,LOGDT024,752,20,,,VARCHAR,VARCHAR,
C9F90228-2418-9558-0E61-9849222750F4,"REF_SLS_IMSA_ID",569,,LOGDT024,752,20,,,VARCHAR,VARCHAR,
7A43E388-41F4-9DBA-42DE-0629AC61CE91,"REF_SLS_KNOWLEDGE_SERVICE_ID",570,,LOGDT024,752,20,,,VARCHAR,VARCHAR,
6166B9CC-BDE2-F3A3-1877-C6A422C218ED,"REF_SLS_LEAD_ID",571,,LOGDT024,752,20,,,VARCHAR,VARCHAR,
B71CECF0-3407-C7A5-25C6-D06EB8DF2236,"REF_SLS_LEGAL_ID",572,,LOGDT024,752,20,,,VARCHAR,VARCHAR,
CE77D7D8-68B3-343F-B4FC-BAF124BFBDF0,"REF_SLS_LID_ID",573,,LOGDT024,752,20,,,VARCHAR,VARCHAR,
52E2FFA9-CA0C-7C4E-4333-84E568AE7BE9,"REF_SLS_OPP_DIM_ID",574,,LOGDT024,752,20,,,VARCHAR,VARCHAR,
5DC73BA8-B48B-8511-C42B-36A9DAAAB10D,"REF_SLS_PART_ID",575,,LOGDT024,752,20,,,VARCHAR,VARCHAR,
A0061453-0AE0-3B6D-7478-FAD6C633377B,"REF_SLS_PRIMARY_ID",576,,LOGDT024,752,20,,,VARCHAR,VARCHAR,
7AAD52ED-427F-5913-7943-F80CB7A0467B,"REF_SLS_RENEWAL_ID",577,,LOGDT024,752,20,,,VARCHAR,VARCHAR,
E14AAF58-865D-D493-D27B-68D4ED78655B,"REF_SLS_SALES_ID",578,,LOGDT024,752,18,,,VARCHAR,VARCHAR,
0441FC24-2AC9-9B8A-E932-BBF82437F593,"REF_SLS_SALES_IDv1",579,,LOGDT024,752,20,,,VARCHAR,VARCHAR,
8C3ABBD5-806B-2C63-9FC3-21802BE511F5,"REF_SLS_SECONDARY_ID",580,,LOGDT024,752,20,,,VARCHAR,VARCHAR,
4D5E58FA-846D-3C03-11FD-5F2448D8D036,"REF_SLS_SERVICE_ID",581,,LOGDT024,752,20,,,VARCHAR,VARCHAR,
EF972C5A-27EF-2DE7-DEC5-5D4F433FED7B,"REF_SLSTER_2_ID",582,,LOGDT024,752,50,,,VARCHAR,VARCHAR,
4A16EEC2-33D1-C6CE-2688-A1E04C429D93,"REF_SOFTWARE_EMSA_ORIG",583,,LOGDT019,724,18,,,NUMERIC,NUMERIC,
24576B5E-A8EC-793B-CA7B-D2F9DF6DF2EE,"REF_SOFTWARE_IMSA_ORIG",584,,LOGDT019,724,18,,,NUMERIC,NUMERIC,
2B3C291D-C156-B9D3-07B0-21878A124C43,"REF_SOLEX_PART_EMSA",585,,LOGDT019,724,18,,,NUMERIC,NUMERIC,
87004AA7-B537-3BEA-9894-D2D0DBED6F7A,"REF_SOLEX_PART_IMSA",586,,LOGDT019,724,18,,,NUMERIC,NUMERIC,
85242696-C1DA-28DC-BE43-29C593EC91F9,"REF_SOLUTION_ASSURANCE_STATU",587,,LOGDT024,752,50,,,VARCHAR,VARCHAR,
7C81EFD6-59FF-ACC8-026D-417F0E2B6661,"REF_SRC_SYSTEM_CODE",588,,LOGDT024,752,20,,,VARCHAR,VARCHAR,
0D26F529-CA52-1159-50F0-B4ABC35F0DA2,"REF_STAGE_ORIGINAL",589,,LOGDT024,752,50,,,VARCHAR,VARCHAR,
BD105AE7-8846-E95A-A897-541DFB95B42F,"REF_STATU",590,,LOGDT024,752,50,,,VARCHAR,VARCHAR,
F2345F84-54CE-905D-B223-4CB4DCECDF70,"REF_STATUS",591,,LOGDT024,752,10,,,VARCHAR,VARCHAR,
5052B0D5-0531-2298-CDDF-47EC6292B552,"REF_STATUS_SOLUTION_ASSURANCE",592,,LOGDT024,752,20,,,VARCHAR,VARCHAR,
395AD900-0CFB-FA41-7B9D-80F810AF573B,"REF_SUBS_EXPIRY_DATE",593,,LOGDT015,747,,,,DATETIME,Timestamp,
452CEF54-BFE5-9836-CCD9-6BA970C6F24F,"REF_SUBS_START_DATE",594,,LOGDT015,747,,,,DATETIME,Timestamp,
A194CD86-8283-2C77-F229-480A0185312A,"REF_SUCCESS_STORY",595,,LOGDT024,752,3,,,VARCHAR,VARCHAR,
D7CAB898-5596-ACE7-A4FD-C9F025EF64B7,"REF_SVC_LAG",596,,LOGDT019,724,18,,,NUMERIC,NUMERIC,
CD65EA42-F373-FBEC-094A-D5FFD821277F,"REF_SVC_MANAGER",597,,LOGDT024,752,18,,,VARCHAR,VARCHAR,
35C5E0DE-CFC0-A975-6BF6-B37324DAF61A,"REF_SVC_OFF_TYPES",598,,LOGDT024,752,50,,,VARCHAR,VARCHAR,
B906F343-5399-FE94-5D1A-6AC2D071FFAB,"REF_SVC_PERIODS",599,,LOGDT019,724,18,,,NUMERIC,NUMERIC,
0A7AB5AC-9BF1-9333-0B69-398ED94823DC,"REF_SVC_PO_CHECKLIST_COMPLETE",600,,LOGDT024,752,50,,,VARCHAR,VARCHAR,
BEEBE736-6F06-4BCB-691D-CAD7F338ADF5,"REF_SVC_START_DATE",601,,LOGDT015,747,,,,DATETIME,Timestamp,
E9561526-2D83-B690-01A1-27B3A6D3BD70,"REF_SYNCED_QT_ID",602,,LOGDT024,752,50,,,VARCHAR,VARCHAR,
54C517C1-8945-BA28-BED0-99D4EF1057C6,"REF_SYSTEM_MOD_STAMP",603,,LOGDT015,747,,,,DATETIME,Timestamp,
89A83BFF-C6D7-BD01-095A-AF55194CF642,"REF_TARGETED_TERM",604,,LOGDT019,724,18,,,NUMERIC,NUMERIC,
B1455314-B2F8-E154-19FD-AC33C244B764,"REF_TECHNICAL_BC",605,,LOGDT024,752,18,,,VARCHAR,VARCHAR,
63C2E4AF-A9CF-7AD9-39D3-7FC0428D2603,"REF_TECHNICAL_BC_OLD",606,,LOGDT024,752,50,,,VARCHAR,VARCHAR,
4C9C9CF1-9841-47F6-48C0-77336C4A45FF,"REF_TOTAL_AMOUNT",607,,LOGDT024,752,20,,,VARCHAR,VARCHAR,
ED679FFB-ECCF-F5AE-D013-1F2161164574,"REF_TOTAL_CLS_SUBS_TERM_ORIG",608,,LOGDT024,752,20,,,VARCHAR,VARCHAR,
55D93765-333B-5E0B-81B1-63BB47CB6C49,"REF_TOTAL_EMSA",609,,LOGDT024,752,20,,,VARCHAR,VARCHAR,
0B1E604F-4E7A-DF5D-21FE-BC1F005E04A8,"REF_TOTAL_IMSA",610,,LOGDT024,752,20,,,VARCHAR,VARCHAR,
47673C7A-8329-4616-FD5F-5AF3CA7866EC,"REF_TOTAL_LOST_IMSA",611,,LOGDT024,752,20,,,VARCHAR,VARCHAR,
AC5D548A-6DD5-E497-D431-63423ACE52DC,"REF_TOTAL_PREMIER_SUPPORT_SUBS_TERM_ORIG",612,,LOGDT024,752,20,,,VARCHAR,VARCHAR,
09E86CF9-36B2-E279-7CFF-E280C7DE30E2,"REF_TOTAL_RENEWAL_MSA_ORIG",613,,LOGDT024,752,20,,,VARCHAR,VARCHAR,
2A60C90D-AB88-E0DB-7F4A-F5D9BF1878AD,"REF_TOTAL_RENEWAL_SOFTWARE_SUBS_TERM_ORIG",614,,LOGDT024,752,20,,,VARCHAR,VARCHAR,
5663CF30-235A-D38C-B931-A131D8CDE094,"REF_TOTAL_RENEWARL_SUBS_TERM_ORIG",615,,LOGDT024,752,20,,,VARCHAR,VARCHAR,
CF2944F5-780A-2A52-D1DD-0CC1D2EF2493,"REF_TOTAL_SOFTWARE_ORIG",616,,LOGDT024,752,20,,,VARCHAR,VARCHAR,
BC716A47-0213-9912-E35B-4A0DDFD8BA77,"REF_TOTAL_SUBS_TERM_ORIG",617,,LOGDT024,752,20,,,VARCHAR,VARCHAR,
79950CD5-9567-3272-22E7-762DCA515C01,"REF_TOTAL_SUPPORT_ORIG",618,,LOGDT024,752,20,,,VARCHAR,VARCHAR,
D18DB9AD-EE53-6144-384A-7DF908855375,"REF_TOTAL_SVC_ORIG",619,,LOGDT024,752,20,,,VARCHAR,VARCHAR,
70559309-A117-D6DC-CC37-52C46D49FC36,"REF_TOTAL_SVC_PART KINAXIS",620,,LOGDT024,752,20,,,VARCHAR,VARCHAR,
FD131D22-3EC5-C30C-3FEE-AD5129E42B33,"REF_TYPE_OF_INQ",621,,LOGDT024,752,50,,,VARCHAR,VARCHAR,
2DF68B42-5A12-3F1F-C834-FC7A678B708C,"REF_TYPE_OF_INQ_FOR_PAY",622,,LOGDT024,752,50,,,VARCHAR,VARCHAR,
A2047273-738D-5EAB-0F67-DAB5CB0005ED,"REF_TYPE_WARNING",623,,LOGDT024,752,20 CHAR,,,VARCHAR,VARCHAR,
B1D64661-0A6F-D78F-BC85-0FFEBA6D109D,"REF_VALUE_DRIVER_NOT_APPLICABLE",624,,LOGDT024,752,3,,,VARCHAR,VARCHAR,
7C611089-1F41-C34C-18CA-BC9DB221C2AF,"REF_VP_DELIVERY",625,,LOGDT024,752,18,,,VARCHAR,VARCHAR,
693E5FBE-7984-5BF2-34CA-B28254B61588,"REF_VY_REPORT__OPP_CNT",626,,LOGDT019,724,18,,,NUMERIC,NUMERIC,
EFC8F61C-89FC-94D2-9E3B-656D9B4E7B6F,"REF_VY_REPORT__VIDYARD_CNT",627,,LOGDT019,724,18,,,NUMERIC,NUMERIC,
585387FA-25F9-E9B9-EF03-CFC560A9728B,"REF_WIN_LOSS_ANALYSIS",628,,LOGDT024,752,3,,,VARCHAR,VARCHAR,
310DBD7D-415C-3AA6-EB33-6ED00E4E30CA,"REF_WIN_LOSS_INTERVIEW",629,,LOGDT024,752,3,,,VARCHAR,VARCHAR,
F5B6493D-36B5-C8F3-971F-7B65FC963137,"REF_X3RD_BC",630,,LOGDT024,752,18,,,VARCHAR,VARCHAR,
2417F554-C929-2B41-F447-1BB03180F8A0,"REF_X3RD_CLIENT_PART",631,,LOGDT024,752,18,,,VARCHAR,VARCHAR,
27C9DF71-F40B-23C8-96A3-544FBF9A84CA,"REF_X3RD_IP",632,,LOGDT024,752,18,,,VARCHAR,VARCHAR,
E7CFAAC0-D935-EB99-22E5-1163304BF99B,"REF_X3RD_PART_MANAGER",633,,LOGDT024,752,18,,,VARCHAR,VARCHAR,
A365B4B0-97DB-1032-C6BA-E1E6C6B1CA42,"REF_ZIP",634,,LOGDT024,752,20 CHAR,,,VARCHAR,VARCHAR,
2B075634-688E-A55D-EB5E-22B3F1B0607A,"REVENUE_19_2",635,,LOGDT026,708,19 CHAR,19,2,DECIMAL,DECIMAL,
F3407F83-BD98-42B9-7794-F8C709C5A4C1,"REVENUE_RANGE",636,,LOGDT024,752,40 CHAR,,,VARCHAR,VARCHAR,
E0E4770A-E6C2-5146-3109-BDE1A06D16E5,"SLS_CASE_PRIORITY",637,,LOGDT024,752,255 CHAR,,,VARCHAR,VARCHAR,
DA1BE66F-5BD0-3293-93BE-2BDD69C0CB08,"SLS_CUSTOMER_SUBTYPE",638,,LOGDT024,752,40 CHAR,,,VARCHAR,VARCHAR,
51E72B5C-87C3-AECB-4BCE-0B11F048049C,"SLS_ID_ACCOUNT",639,,LOGDT024,752,18 CHAR,,,VARCHAR,VARCHAR,
E50A0EAA-642B-894A-C8A7-D8032389FB4C,"SLS_ID_CASE",640,,LOGDT024,752,255 CHAR,,,VARCHAR,VARCHAR,
1B3D2C9F-EF60-6257-9AEF-70BCEC4D46E7,"SLS_ID_COMPANY",641,,LOGDT024,752,48 CHAR,,,VARCHAR,VARCHAR,
044B73FA-7A0C-8A51-A254-B7C385AA4D89,"SLS_ID_CONTACT",642,,LOGDT024,752,18 CHAR,,,VARCHAR,VARCHAR,
98F87CE7-F3BC-A593-114F-9169FE1BE892,"SLS_ID_CREATED_BY",643,,LOGDT024,752,18 CHAR,,,VARCHAR,VARCHAR,
9E89917C-244F-43B9-6463-A23517B7E14C,"SLS_ID_EMPLOYEE",644,,LOGDT024,752,255 CHAR,,,VARCHAR,VARCHAR,
988FC99D-9B20-6E29-1431-05F4219EFC3B,"SLS_ID_OPPORTUNITY",645,,LOGDT024,752,255 CHAR,,,VARCHAR,VARCHAR,
32EA10D7-EA71-DBDF-6352-C2C0AFA61E31,"SLS_ID_OWNER",646,,LOGDT024,752,18 CHAR,,,VARCHAR,VARCHAR,
84D93620-DA7B-5816-E165-C3B371BE465D,"SLS_ID_PRODUCT",647,,LOGDT024,752,255 CHAR,,,VARCHAR,VARCHAR,
6CA7ADA7-9B2E-6464-36A9-22437D5B55BF,"SLS_ID_TASK",648,,LOGDT024,752,255 CHAR,,,VARCHAR,VARCHAR,
6ECA7A1E-D3B3-3D03-7C23-85072B934CC0,"SLS_ID_UPDATED_BY",649,,LOGDT024,752,18 CHAR,,,VARCHAR,VARCHAR,
57264CCB-0B35-5092-096F-1F2D04C8619C,"SLS_INDUSTRY",650,,LOGDT041,751,120 CHAR,,,VARBINARY,VARBINARY,
F90CA07E-385F-4FD8-FED8-9E603459291E,"SLS_INDUSTRY_SECTOR",651,,LOGDT024,752,40 CHAR,,,VARCHAR,VARCHAR,
8AB27A6A-BEFF-980E-DFB1-2B55E8125EF6,"SLS_KNOWLEDGE_AGENT",652,,LOGDT024,752,255 CHAR,,,VARCHAR,VARCHAR,
BDE3E5C0-1B0E-A6E5-DFD2-26C58DCD0C8A,"SLS_LEVEL_ESCALATION",653,,LOGDT024,752,255 CHAR,,,VARCHAR,VARCHAR,
E0EDBA51-97BD-0C1E-F203-5BD55781375F,"SLS_PRIO_CUSTOMER",654,,LOGDT024,752,255 CHAR,,,VARCHAR,VARCHAR,
9D59082E-3B92-7575-D51A-7B838184D755,"SLS_QUALITY_SURV_RESOLUTION",655,,LOGDT024,752,255 CHAR,,,VARCHAR,VARCHAR,
9F0F3785-0960-2D8E-9DBE-F12D640149A0,"SLS_REASON_CASE",656,,LOGDT024,752,255 CHAR,,,VARCHAR,VARCHAR,
1AC8E4DD-04EF-D504-F1B3-8D20AE6CEF8B,"SLS_SATISFACTION_SURVEY",657,,LOGDT024,752,255 CHAR,,,VARCHAR,VARCHAR,
10DEBB89-E1FF-BE31-2646-9E85F42399F3,"SLS_SCORE_QUALITY",658,,LOGDT027,694,,,,BIGINT,BIGINT,
E49E56B4-9B6D-B4F0-FF16-EAAB29119DE1,"SLS_STAGE_BUYING",659,,LOGDT024,752,50 CHAR,,,VARCHAR,VARCHAR,
17DF4813-F855-387C-386C-9DBB0FECFC14,"SLS_STATUS_CASE",660,,LOGDT024,752,1300 CHAR,,,VARCHAR,VARCHAR,
EBFAF403-D986-418F-00CC-541C2234B699,"SLS_STATUS_INTERNAL",661,,LOGDT024,752,255 CHAR,,,VARCHAR,VARCHAR,
0A075418-F5DD-054B-F825-8AD13A6145F1,"SLS_STATUS_TASK",662,,LOGDT024,752,255 CHAR,,,VARCHAR,VARCHAR,
395976FE-E0C0-B3BC-B230-AB20850B20C3,"SLS_TIER_ACCOUNT",663,,LOGDT024,752,20 CHAR,,,VARCHAR,VARCHAR,
4B5BFAC9-D3CF-CC20-C995-D3A037A56039,"SLS_TIER_REVENUE",664,,LOGDT024,752,20 CHAR,,,VARCHAR,VARCHAR,
65CE6828-D270-D18F-2FBB-E6B64B9E6F71,"SLS_TIER_VERIFIED_REVENUE",665,,LOGDT024,752,20 CHAR,,,VARCHAR,VARCHAR,
3FBB2710-DFF6-4D48-2F46-214FB5B36675,"SLS_TYPE_ACCOUNT",666,,LOGDT024,752,40 CHAR,,,VARCHAR,VARCHAR,
892036F3-EEFE-220C-8179-B141F5458C74,"SLS_TYPE_ACCOUNT_DMSTC",667,,LOGDT024,752,40 CHAR,,,VARCHAR,VARCHAR,
23691C8F-D3A7-80D6-6BC7-0347916ECD6C,"SLS_TYPE_ACCOUNT_GLBL",668,,LOGDT024,752,40 CHAR,,,VARCHAR,VARCHAR,
C4DE7691-5951-167B-D6A5-270D6DBF23DE,"SLS_TYPE_CALL",669,,LOGDT024,752,40 CHAR,,,VARCHAR,VARCHAR,
0BB4DC43-F3F0-03E8-285A-EF0C53807158,"SLS_TYPE_CASE",670,,LOGDT041,751,255 CHAR,,,VARBINARY,VARBINARY,
E9D0E884-32F3-33CA-27B4-6B7297736A36,"SLS_TYPE_CONTACT",671,,LOGDT024,752,255 CHAR,,,VARCHAR,VARCHAR,
B7EB924D-A03E-3001-534F-86A93FB5122D,"SLS_TYPE_ESCALATION",672,,LOGDT024,752,255 CHAR,,,VARCHAR,VARCHAR,
0548EEC9-A530-5FBB-9263-FF2A62BEE8F3,"SLS_TYPE_REQUEST",673,,LOGDT024,752,255 CHAR,,,VARCHAR,VARCHAR,
17B5F43D-A228-99BA-E435-A67E098929AC,"SLS_TYPE_TASK",674,,LOGDT024,752,40 CHAR,,,VARCHAR,VARCHAR,
A2C9D8EE-CF63-3654-6D84-D7933760CBE1,"SLS_TYPE_TASK_SUB",675,,LOGDT024,752,40 CHAR,,,VARCHAR,VARCHAR,
6596EB45-3A90-2D5B-A43E-1FF10084191E,"SLS_VERTICAL",676,,LOGDT024,752,40 CHAR,,,VARCHAR,VARCHAR,
D2BF05BF-9BFC-1742-44E1-CA0EEBEC9260,"STATUS_EMP",677,,LOGDT024,752,20 CHAR,,,VARCHAR,VARCHAR,
259C05F3-F665-92E0-5253-EA62C0055F2E,"TAG_ACTIVE_01",678,,LOGDT024,752,1 CHAR,,,VARCHAR,VARCHAR,
000EC03D-0B0F-5472-FD5E-87506D3531C0,"TAG_ACTIVE_12",679,,LOGDT024,752,1 CHAR,,,VARCHAR,VARCHAR,
46D9C8D2-9307-0455-C2BF-9C92E8991F41,"TAG_ACTIVE_YN",680,,LOGDT024,752,1 CHAR,,,VARCHAR,VARCHAR,
1A67DDE2-3F9E-708E-E0F3-5CFEF74AEAC1,"TAG_STATUS_01",681,,LOGDT024,752,3 CHAR,3,0,VARCHAR,VARCHAR,
B0A449CB-5FA9-318B-037A-426906821202,"TAG_STATUS_TRUE_FALSE",682,,LOGDT033,695,3 CHAR,3,0,BINARY,BINARY,
242A13D1-FF10-C80B-B8CB-80B064637DC3,"TAG_YN",683,"YES - NO",LOGDT024,752,1 CHAR,,,VARCHAR,VARCHAR,
B85C6B02-D780-6E51-F451-079D7E4D826F,"TYPE_ADDRESS",684,,LOGDT024,752,20 CHAR,,,VARCHAR,VARCHAR,
5DCD2A0F-75C6-0C07-5468-5C5FCC33F10B,"TYPE_BONUS_PLAN",685,,LOGDT024,752,20 CHAR,,,VARCHAR,VARCHAR,
A64D3292-D5E0-EDA0-959F-429E0197867A,"TYPE_CONTACT",686,,LOGDT024,752,40 CHAR,,,VARCHAR,VARCHAR,
E1ACA488-A43C-4CFA-D3B7-6B25F24C5DA2,"TYPE_EMP",687,,LOGDT024,752,20 CHAR,,,VARCHAR,VARCHAR,
DOM3000004,"Unknown",688,,LOGDT017,691,,,,UNKNOWN,unknown,
8B285E5E-D503-61D1-DB8F-F5D9BF16DF35,"VALUE_3",689,,LOGDT011,717,3 CHAR,,,INTEGER,Integer,
3D0E7C0F-A5D9-09DB-1835-F1BBC733DFE1,"VALUE_9",690,,LOGDT011,717,9 CHAR,,,INTEGER,Integer,
